"","r1_hero","r1_level","r1_xp","r1_gold","r1_lh","r1_kills","r1_deaths","r1_items","r2_hero","r2_level","r2_xp","r2_gold","r2_lh","r2_kills","r2_deaths","r2_items","r3_hero","r3_level","r3_xp","r3_gold","r3_lh","r3_kills","r3_deaths","r3_items","r4_hero","r4_level","r4_xp","r4_gold","r4_lh","r4_kills","r4_deaths","r4_items","r5_hero","r5_level","r5_xp","r5_gold","r5_lh","r5_kills","r5_deaths","r5_items","d1_hero","d1_level","d1_xp","d1_gold","d1_lh","d1_kills","d1_deaths","d1_items","d2_hero","d2_level","d2_xp","d2_gold","d2_lh","d2_kills","d2_deaths","d2_items","d3_hero","d3_level","d3_xp","d3_gold","d3_lh","d3_kills","d3_deaths","d3_items","d4_hero","d4_level","d4_xp","d4_gold","d4_lh","d4_kills","d4_deaths","d4_items","d5_hero","d5_level","d5_xp","d5_gold","d5_lh","d5_kills","d5_deaths","d5_items","first_blood_time","first_blood_team","first_blood_player1","first_blood_player2","radiant_bottle_time","radiant_courier_time","radiant_flying_courier_time","radiant_win"
"1",106,3,2060,1864,28,0,7,6,8,2,1621,1040,20,0,3,7,62,1,642,1297,1,2,8,13,95,2,818,960,14,0,10,8,6,2,1678,1391,16,1,9,6,37,2,1686,1282,16,0,8,9,49,2,1141,1078,14,0,5,4,111,1,963,641,1,0,10,10,98,3,2071,1377,19,0,11,6,83,1,293,635,3,0,7,7,12,0,2,7,109,-64,223,"True"
"2",112,0,747,1117,0,0,8,13,50,0,1106,1330,2,3,1,10,1,0,1344,1707,21,1,3,7,11,0,2217,1867,25,1,3,7,69,0,1810,904,8,0,1,5,25,0,1671,1109,15,0,5,8,30,0,963,500,0,0,6,7,27,0,414,562,1,0,6,9,106,0,1237,1802,31,0,3,10,2,0,1487,1350,17,0,12,8,-14,0,3,6,70,-77,184,"True"
"3",46,2,1839,1477,13,1,0,10,6,1,1121,949,11,0,2,10,2,0,1705,1911,20,1,2,4,45,1,946,984,3,1,2,10,32,1,876,726,4,0,3,5,7,1,1115,1130,9,1,5,7,106,0,893,1066,9,0,6,6,39,1,1661,935,10,0,1,5,50,1,1111,690,4,0,9,10,73,1,1002,1905,11,0,5,5,93,0,3,6,161,-69,204,"True"
"4",35,0,1681,1312,14,1,12,8,75,0,1099,1394,11,1,3,9,43,0,1210,1269,6,1,1,9,83,0,1096,671,0,0,8,7,97,0,994,678,3,0,7,6,50,0,1027,952,2,1,4,12,11,0,1831,1386,16,1,0,7,26,0,1015,1268,0,2,1,12,67,0,855,1032,11,0,0,5,71,0,1536,1379,14,1,1,7,4,1,7,3,-32,-69,202,"False"
"5",68,0,445,613,3,0,9,6,107,0,1454,980,2,1,9,7,65,0,763,819,10,0,8,5,81,0,1920,1788,29,0,9,9,21,0,1875,1256,16,0,6,7,11,0,2200,1677,25,0,5,8,57,0,614,500,0,0,6,7,28,0,1153,971,10,0,4,9,86,0,487,500,0,0,12,9,8,0,1122,1924,34,0,5,10,130,0,1,8,190,-84,272,"False"
"6",62,1,953,1120,2,0,7,11,13,1,768,714,5,0,6,9,11,1,1877,1752,15,1,3,8,99,1,1340,1320,20,0,7,8,18,1,1994,1778,30,0,2,9,28,1,1181,1280,14,0,10,9,90,0,924,907,4,0,4,8,100,1,1749,1421,12,0,9,7,53,1,898,1035,13,0,1,5,21,1,1728,1264,16,0,5,8,149,0,2,9,151,-71,NA,"False"
"7",8,0,1737,1439,22,0,3,12,80,1,1471,1050,13,0,4,9,25,0,1834,1319,17,0,10,9,7,0,433,746,0,1,6,15,50,0,569,1048,0,1,7,10,59,0,1868,1613,24,0,1,6,87,0,712,887,1,1,2,12,38,1,366,1224,0,2,5,7,69,0,1903,1474,17,0,4,9,21,0,1768,1709,16,2,3,9,18,1,7,2,238,-85,269,"False"
"8",53,0,532,778,7,0,8,4,11,0,1093,1102,10,0,15,7,55,0,1412,1012,12,0,9,9,26,0,673,538,1,0,15,10,21,0,1977,1335,13,1,6,8,28,0,1159,1271,10,0,12,8,20,0,1129,1510,3,1,8,9,81,0,2118,1708,19,1,7,14,8,1,1652,1376,9,1,3,7,57,0,1134,1086,4,2,1,8,97,1,8,4,191,-86,224,"False"
"9",7,2,1385,1329,19,0,3,8,14,1,678,736,6,0,9,2,73,2,1750,2113,13,0,7,3,59,1,1087,1157,16,0,6,7,25,2,1096,947,7,0,5,5,35,2,2032,1502,20,0,4,7,56,1,988,1310,7,1,10,11,74,1,1014,918,10,0,5,8,30,1,1014,645,3,0,8,4,71,1,1438,825,8,0,1,4,214,1,6,2,25,-47,NA,"True"
"10",12,0,1504,1794,27,0,4,10,21,0,789,708,1,0,8,10,11,0,1694,1546,19,0,5,9,51,0,1042,1631,24,0,9,12,50,0,888,650,0,0,2,12,73,0,1567,2258,19,0,5,8,39,0,1320,1394,6,2,5,9,62,0,373,550,2,0,10,11,100,0,667,742,6,0,12,4,87,0,851,919,3,0,8,10,133,1,6,3,198,-88,181,"True"
"11",75,1,890,869,9,0,6,9,88,2,990,970,9,0,6,6,76,2,1924,1159,16,0,11,10,100,1,712,617,1,0,12,7,106,1,1153,1303,14,0,8,8,74,1,2118,2005,18,2,5,6,14,2,1115,982,9,0,4,5,72,2,1237,1015,13,0,1,6,62,1,687,583,2,0,7,10,21,1,1108,962,9,0,5,3,286,1,5,3,186,-35,NA,"False"
"12",17,0,2250,1795,17,1,3,8,106,0,1475,1227,18,0,1,10,9,0,615,781,1,0,1,6,67,0,1590,1381,21,0,5,6,50,0,1271,880,17,0,11,10,22,0,1780,1161,16,0,0,6,94,0,1501,1029,13,0,1,9,73,0,1494,1900,17,0,10,6,5,0,307,582,1,0,11,10,14,0,666,553,2,0,0,6,275,0,0,5,166,-82,237,"True"
"13",72,0,596,742,6,0,20,8,25,0,2068,1597,27,0,12,7,14,0,815,630,3,0,9,8,6,0,1018,1211,14,0,7,7,100,0,618,591,2,0,7,7,86,0,872,915,1,1,7,7,106,0,1604,2120,24,2,4,14,28,0,1868,1444,16,1,9,9,5,0,550,687,3,0,9,9,47,0,1798,1367,12,1,5,9,84,1,6,4,127,-79,NA,"False"
"14",95,2,1708,1020,12,0,1,5,100,1,417,605,3,0,1,9,61,2,2201,1789,15,2,2,6,42,1,534,794,8,0,1,5,74,3,2074,1767,22,1,0,8,106,3,1349,956,9,0,2,5,68,2,614,853,1,1,7,9,7,2,1119,994,9,0,4,5,72,2,1469,1102,13,0,5,8,20,1,1073,741,6,0,9,11,136,0,2,6,NA,-4,NA,"True"
"15",54,1,1019,1091,17,0,1,5,44,1,1681,1195,17,0,12,4,100,1,2526,1693,10,2,9,8,31,1,777,541,1,0,2,9,32,1,942,752,6,0,2,8,5,1,1030,917,9,0,10,11,59,1,1610,1237,8,1,9,7,102,1,1061,944,11,0,10,5,70,1,1059,1500,10,1,8,7,11,2,1464,894,10,0,10,5,173,1,8,3,148,-68,292,"True"
"16",10,0,1689,2020,27,1,0,11,39,0,1443,2246,25,3,4,11,50,0,1049,1300,1,1,2,13,51,0,1818,1272,11,1,2,9,31,0,1182,904,0,1,1,10,28,0,1413,1142,16,0,11,10,92,0,709,670,0,0,7,9,55,0,367,986,9,1,3,9,73,0,1303,1781,10,0,6,5,65,0,309,499,0,0,9,7,-24,0,2,9,91,-74,182,"True"
"17",2,0,1042,1254,11,1,10,9,18,0,1597,1479,19,0,8,8,71,0,1628,1668,9,2,2,9,50,0,908,785,1,1,9,8,74,0,2210,1534,23,0,2,7,16,0,844,665,4,0,8,9,21,0,1884,930,9,0,9,5,19,0,1357,1422,5,2,3,8,96,0,773,762,3,0,14,7,9,0,1071,787,7,0,8,7,134,1,7,0,NA,-78,198,"True"
"18",5,1,1036,791,1,1,10,9,21,0,2021,1671,24,0,6,7,42,1,1401,1149,16,0,12,7,46,1,1539,1060,14,0,8,6,100,1,511,558,0,0,12,6,40,1,1166,1139,4,1,11,7,15,1,1156,1433,12,2,6,5,61,1,1878,1447,18,1,4,6,88,1,769,968,1,0,7,9,78,1,1592,1416,15,1,4,6,18,1,5,3,125,-52,NA,"False"
"19",4,0,524,950,11,0,0,4,6,0,1013,1272,11,0,6,11,25,0,2258,1634,17,1,1,12,7,0,1051,1210,4,0,12,9,35,0,1582,1196,17,0,2,9,18,0,1826,1065,14,0,0,9,11,0,2115,1721,26,0,0,10,54,0,839,892,14,0,0,6,55,0,1480,1567,13,2,1,6,93,0,1248,1400,6,1,5,9,NA,NA,NA,NA,196,-74,NA,"False"
"20",62,0,953,670,4,0,12,10,39,0,2007,1192,17,0,8,5,7,0,124,536,1,0,8,5,59,0,1926,1326,18,0,11,7,73,0,668,1652,9,0,9,12,6,0,1758,1403,22,0,8,11,47,0,2119,1743,19,1,7,12,9,0,626,704,0,0,6,5,21,0,874,1286,10,1,4,8,82,0,1221,949,10,0,7,2,10,1,8,4,119,-84,NA,"False"
"21",2,1,1075,1140,9,0,9,8,44,1,1281,1020,4,1,2,4,42,1,1157,1162,3,1,2,7,19,0,992,743,7,0,0,8,14,3,1842,751,6,0,9,7,21,2,1188,920,7,0,1,9,34,2,2179,1048,10,0,3,3,60,2,1208,1063,8,1,5,5,36,2,1101,1378,9,1,7,7,40,2,992,952,5,0,5,8,101,1,8,2,117,216,NA,"True"
"22",40,1,1022,754,2,0,7,8,51,1,1579,1123,15,0,6,8,52,1,551,640,1,0,6,8,106,1,962,1290,13,1,2,12,47,1,1363,1432,4,3,5,13,26,1,583,600,0,0,11,8,101,1,2043,1102,11,0,9,10,102,1,921,1248,8,1,8,14,112,1,1150,542,1,0,14,9,72,1,962,723,6,0,6,4,7,0,4,5,295,-85,274,"True"
"23",9,0,700,601,1,0,7,6,39,0,2404,2406,19,3,4,8,84,0,862,586,2,0,6,7,1,0,1411,1341,10,0,9,8,7,0,842,802,7,0,6,10,11,0,1909,1167,12,0,7,5,17,0,1469,1069,12,0,11,11,52,0,1814,2007,19,3,8,9,85,0,1084,1390,2,2,14,9,33,0,1403,1331,28,0,10,7,78,1,7,3,162,-59,195,"True"
"24",92,1,1216,835,9,0,3,10,82,2,1980,1273,15,1,6,5,2,1,988,1098,16,0,5,8,100,1,1189,1186,7,1,6,5,33,0,987,1178,20,0,4,9,41,2,1604,1715,27,0,2,10,5,1,845,839,1,1,4,8,19,1,1145,1023,13,0,7,3,21,2,2364,2133,25,0,5,5,62,1,591,500,0,0,10,8,241,1,8,1,70,-72,NA,"True"
"25",5,0,688,823,8,0,13,10,3,0,876,869,1,1,10,7,46,0,1169,945,10,0,11,6,73,0,1595,2821,23,0,7,9,28,0,681,582,2,0,8,6,92,0,883,917,2,1,10,7,42,0,1749,1849,28,1,11,10,50,0,836,1560,1,2,8,12,11,0,2294,2633,23,4,4,6,110,0,1677,945,10,0,11,8,-7,1,7,0,NA,-80,NA,"False"
"26",8,0,1434,1390,22,0,2,8,60,0,410,917,2,1,7,7,47,0,2428,1824,19,1,5,11,100,0,1556,909,10,0,7,10,50,0,721,588,2,0,7,7,55,0,1636,1190,16,0,2,9,11,0,1574,1370,18,0,5,7,42,0,1569,1679,20,1,17,10,30,0,1093,1450,2,2,8,12,112,0,314,500,0,0,5,10,91,1,8,3,NA,-68,NA,"False"
"27",44,0,1128,1299,19,0,1,7,57,0,922,542,1,0,0,9,21,0,1986,1311,20,0,4,7,104,0,1785,1874,17,2,7,5,112,0,1227,1446,4,2,6,11,97,0,964,782,1,0,7,7,48,0,1507,2026,20,2,12,9,13,0,2278,2100,15,3,6,5,6,0,1625,787,7,0,1,8,16,0,141,607,1,0,6,9,16,0,4,5,223,-76,NA,"True"
"28",106,1,1512,1582,18,1,6,7,31,1,462,1038,1,1,8,8,110,1,1847,862,9,0,4,6,7,1,1030,1536,3,1,4,8,45,1,2178,1551,19,0,5,5,5,1,619,1135,2,1,4,14,2,0,1989,1857,27,1,5,5,74,1,2228,1545,13,1,6,7,84,1,917,1531,0,4,7,6,42,1,1314,1567,21,0,11,6,3,1,8,0,-57,-70,NA,"True"
"29",5,0,961,1083,0,1,11,13,18,0,1535,1558,26,0,9,11,93,0,1724,931,8,0,10,7,101,0,476,541,1,0,16,9,21,0,1515,1936,13,3,12,9,11,0,2028,1583,26,0,11,9,64,0,1011,625,0,0,15,5,35,0,983,1041,13,0,11,6,74,0,1728,1079,13,0,7,7,14,0,393,726,1,1,14,7,51,0,0,8,NA,-86,NA,"True"
"30",9,0,340,879,0,1,6,13,100,0,1431,1042,12,0,9,7,93,0,1258,1223,10,1,6,14,21,0,1747,1421,18,0,3,9,112,0,594,821,0,1,5,9,18,0,1070,1362,21,0,7,10,84,0,1058,724,0,0,16,9,69,0,1213,1789,23,1,13,9,68,0,827,526,1,0,6,10,34,0,1680,1612,15,1,11,5,111,1,9,0,170,-83,191,"True"
"31",87,1,1161,688,3,0,8,10,14,1,1848,1417,7,1,2,9,35,1,801,902,7,0,3,6,63,0,1025,1159,9,1,4,7,28,1,1099,1412,20,0,7,5,4,0,1066,767,6,0,0,7,18,0,999,1045,6,1,0,9,26,0,968,1112,7,1,0,10,74,0,2258,1481,12,0,3,9,62,1,1042,890,9,0,0,6,4,1,6,4,NA,-50,227,"False"
"32",5,0,1167,1237,5,1,4,6,94,1,1852,1041,13,0,4,10,44,1,952,782,7,0,9,8,49,1,787,500,0,0,9,4,56,1,1105,1276,10,1,9,11,45,1,1387,1635,7,3,0,9,11,1,2136,1625,15,1,17,9,96,0,1459,1490,13,0,11,12,99,1,837,853,5,0,0,9,42,0,925,859,9,0,0,6,168,1,5,2,NA,-32,NA,"False"
"33",28,0,1598,1018,10,0,4,9,46,0,1840,1465,21,0,2,8,59,0,663,1077,16,0,3,6,68,0,619,566,3,0,1,10,50,0,988,660,5,0,1,7,11,0,2286,2204,23,2,3,13,112,0,396,856,0,1,6,5,55,0,1907,1573,22,0,3,7,39,0,1332,1029,12,0,5,8,38,0,565,617,5,0,3,8,3,1,5,2,NA,-76,211,"True"
"34",5,2,1631,1389,13,0,6,12,99,1,1134,789,4,0,9,7,2,2,1572,1630,16,1,1,8,29,1,433,607,0,0,5,9,72,1,1162,878,9,0,5,13,63,3,2004,1309,17,0,0,8,12,1,1019,858,6,1,12,10,44,1,821,1063,8,0,2,10,85,2,1430,1087,7,1,10,7,30,2,1210,990,9,0,3,9,31,0,2,7,NA,-68,NA,"False"
"35",67,1,1059,1555,26,0,4,6,42,2,1239,1248,22,0,5,5,46,1,1913,1255,18,0,6,7,7,1,1357,871,9,0,6,7,21,1,956,499,0,0,4,7,104,1,1691,1560,27,0,9,7,73,1,1286,2814,30,0,6,8,68,1,908,649,0,0,8,11,62,1,619,771,4,0,8,3,11,1,2046,1847,27,0,8,11,NA,NA,NA,NA,157,-55,NA,"True"
"36",106,0,1935,1558,22,0,1,4,18,1,891,694,5,0,2,4,25,1,1182,1470,4,3,4,6,12,1,894,1210,11,0,5,8,74,1,891,701,5,0,3,4,50,1,1003,655,4,0,7,10,91,1,450,622,3,0,9,9,11,2,1909,1406,18,0,2,5,35,1,1743,1151,7,0,7,7,100,1,1003,832,8,0,6,6,49,0,2,6,NA,-55,185,"True"
"37",46,2,1903,1306,19,0,5,10,5,1,947,752,6,0,2,7,73,2,1146,2530,16,1,0,8,76,1,1112,1068,14,0,7,6,39,1,1203,920,7,0,3,5,19,1,482,624,3,0,4,3,99,1,1062,670,3,0,9,3,27,1,1000,871,9,0,1,8,18,1,1220,981,12,0,11,4,21,2,1876,1119,13,0,1,5,253,0,2,5,15,-59,NA,"True"
"38",59,0,1821,1867,25,1,4,10,21,0,2232,2225,14,3,2,10,3,0,752,715,4,0,5,9,69,0,1057,760,6,0,7,8,68,0,522,544,1,0,4,5,7,1,1078,648,3,0,12,8,26,0,703,1161,1,3,10,11,42,1,1410,1755,26,0,8,10,75,0,682,610,0,0,5,12,22,0,1523,1404,14,0,10,6,-11,0,1,5,123,-84,296,"True"
"39",61,1,999,1121,15,0,12,11,59,1,1223,969,9,0,1,5,98,0,1128,1081,7,1,13,7,2,0,969,886,9,0,13,11,12,0,1904,1424,22,0,1,5,50,0,1243,1182,4,1,4,8,105,1,739,893,3,2,3,10,43,1,1957,1706,16,1,2,6,107,1,893,741,5,0,10,5,99,1,1654,708,5,0,4,6,153,1,7,3,160,NA,NA,"False"
"40",49,1,955,913,10,0,12,6,86,1,893,601,3,0,12,11,39,1,1714,1079,10,0,4,3,10,1,1290,1093,15,0,5,10,36,1,811,647,4,0,9,13,40,1,784,500,0,0,5,9,100,1,1020,894,6,0,6,6,8,1,1041,1614,19,1,7,16,21,1,1196,1022,10,0,7,9,11,1,1989,1276,17,0,3,6,109,1,7,0,5,-62,225,"False"
"41",26,0,775,795,0,1,11,12,97,1,546,705,5,0,6,4,10,0,2326,1703,16,1,10,8,44,0,921,1118,14,0,8,10,28,0,752,543,1,0,11,8,74,1,1965,1626,16,1,5,10,50,0,983,1278,1,2,2,14,42,0,1318,1471,21,0,2,10,75,1,1128,1007,2,1,5,7,71,0,1237,1424,12,1,3,10,5,1,6,1,-83,-87,258,"False"
"42",55,0,1201,1141,15,0,6,8,7,0,724,735,0,0,4,7,72,0,1357,1318,15,1,5,6,21,0,1633,1787,16,2,9,8,112,0,538,792,5,0,8,7,71,0,270,500,0,0,17,7,106,0,1519,1370,21,0,9,9,11,0,2152,1917,24,1,6,7,97,0,1123,1029,12,0,6,7,68,0,967,708,8,0,3,7,39,0,3,7,63,-54,NA,"True"
"43",21,0,2016,1557,25,0,10,5,72,0,1573,988,13,0,14,8,53,1,1070,1126,18,0,11,5,57,1,1128,609,2,0,13,9,2,0,1123,1382,20,0,14,8,46,0,1875,1211,16,0,5,4,85,0,1202,1101,6,1,7,10,47,0,1613,1970,25,1,6,12,106,0,1026,990,11,0,6,4,16,0,975,637,2,0,6,8,127,1,7,1,109,-85,238,"False"
"44",100,0,902,811,5,0,9,7,14,0,778,1045,5,1,9,6,93,0,1254,1774,28,0,5,9,46,1,2179,1558,23,0,6,8,68,0,936,601,1,0,5,11,83,0,615,884,0,1,7,7,21,0,1793,1144,16,0,9,9,104,0,1620,823,8,0,11,8,26,0,483,500,0,0,11,8,1,0,1350,1636,24,0,2,9,197,0,1,8,125,-36,238,"False"
"45",8,0,1335,1543,25,0,4,6,50,0,778,578,2,0,11,7,25,0,1926,1394,19,0,6,7,31,0,1007,953,0,1,12,10,60,0,1378,1244,10,1,11,8,93,0,1219,896,9,0,7,10,11,0,1622,1506,21,0,7,8,28,0,927,655,4,0,15,5,86,0,1188,1625,4,3,6,12,62,0,361,572,2,0,9,5,58,1,8,1,161,-84,252,"True"
"46",16,0,1429,1934,11,3,1,9,42,0,1594,1223,17,0,4,10,64,0,1164,1049,7,1,3,8,4,0,1310,1172,17,0,8,6,85,0,1267,1373,4,1,10,10,75,0,1190,1330,18,0,3,4,20,0,1942,1594,15,1,2,10,53,0,2113,1458,15,1,10,7,33,0,1852,1622,31,0,7,6,93,0,650,527,1,0,5,11,65,0,0,5,NA,-85,244,"False"
"47",96,1,1104,946,11,0,0,7,35,1,877,740,6,0,0,9,60,1,1218,1308,16,0,3,6,20,1,933,874,2,1,4,10,86,2,1557,750,6,0,0,10,1,2,1177,1427,20,0,3,5,71,2,1056,819,2,0,2,9,85,1,1214,1071,5,1,4,7,61,1,974,677,4,0,7,5,63,1,1355,874,8,0,2,8,135,1,7,1,94,-37,187,"True"
"48",100,0,682,950,9,0,6,9,72,0,1997,1614,21,1,1,7,86,0,1187,1280,5,2,7,11,11,0,1412,1823,19,1,6,9,31,0,1453,945,4,1,2,13,106,0,814,770,7,0,4,11,62,0,542,549,4,0,12,8,112,0,960,767,8,0,10,11,55,0,972,1034,13,0,9,9,39,0,1689,1266,15,0,6,9,101,0,3,9,103,-87,181,"True"
"49",14,2,1093,1090,3,1,5,9,99,2,1423,1633,16,2,7,9,11,2,1351,1053,11,0,12,7,8,2,1373,1177,17,0,3,7,83,1,518,554,2,0,4,8,88,2,1922,1289,15,0,2,7,35,1,1171,911,10,0,4,10,62,1,415,1294,0,2,4,13,47,2,2127,1326,14,0,4,13,30,1,570,586,2,0,8,9,161,1,7,2,178,-64,NA,"False"
"50",40,0,560,623,4,0,6,8,44,0,1568,1489,22,0,6,8,71,1,717,947,2,1,8,5,11,1,2089,1396,22,0,10,6,8,1,1324,1319,10,1,12,7,32,1,1711,1048,13,0,7,6,53,1,883,1029,13,0,14,8,48,0,1003,783,4,0,9,9,93,0,1191,1868,19,2,4,10,104,1,1769,1223,16,0,11,7,232,1,8,4,161,-64,180,"True"
"51",1,0,929,900,6,0,3,7,59,0,850,929,5,0,7,4,62,0,1378,818,6,0,6,4,72,0,1619,1445,12,1,2,4,50,0,650,923,5,0,10,12,35,0,1094,920,7,0,0,8,32,0,680,838,0,0,1,6,71,0,847,1084,5,1,13,9,44,0,1114,829,3,0,1,8,43,0,1511,1017,11,0,10,13,64,0,3,5,162,-78,257,"True"
"52",110,1,957,792,7,0,7,9,21,2,1931,1668,17,1,7,7,86,1,928,501,0,0,9,10,27,1,1074,732,1,0,11,6,28,1,1062,1476,23,0,10,11,72,1,1401,1014,12,0,8,6,106,2,2084,1515,20,0,14,7,55,1,1096,1144,19,0,10,7,68,1,598,536,2,0,4,7,97,0,1516,959,11,0,6,6,130,0,1,6,135,-72,187,"True"
"53",74,2,2034,1138,13,0,1,3,82,1,894,839,14,0,5,7,49,1,1171,839,6,0,2,6,88,1,782,732,6,0,5,6,41,1,1495,916,10,0,1,5,111,0,597,722,4,0,4,2,55,1,1210,1094,13,0,10,10,48,1,1004,831,8,0,9,6,21,1,1004,1062,13,0,3,6,25,2,1723,1504,24,0,7,8,NA,NA,NA,NA,178,NA,NA,"True"
"54",68,1,1146,540,2,0,1,6,44,1,1105,1541,18,1,2,7,106,2,1343,1264,12,0,1,8,96,2,1187,1367,7,2,1,8,21,2,2057,1238,9,0,4,5,69,2,1267,1288,7,1,0,4,8,2,1223,1151,16,0,0,7,74,2,2282,1496,17,0,0,6,5,1,1012,539,1,0,5,7,35,1,1085,913,10,0,0,7,145,0,3,9,216,-71,NA,"False"
"55",31,0,977,933,4,0,9,7,69,0,1936,1549,13,0,6,6,46,0,1759,1520,23,0,9,7,19,0,905,1042,13,0,10,8,86,1,771,586,2,0,10,10,11,0,1559,1345,18,0,2,7,60,0,713,1406,1,3,4,13,39,0,1641,1373,17,0,8,6,54,0,1623,1468,21,0,4,9,100,0,764,1027,3,1,5,8,1,1,6,4,73,-88,209,"False"
"56",74,1,2180,1491,12,1,8,7,111,0,1221,847,2,1,3,5,59,1,939,670,4,0,9,7,94,0,736,1040,11,0,3,4,61,1,939,1365,20,0,16,8,62,0,1230,1168,8,1,6,9,43,0,917,870,9,0,9,5,4,0,825,816,10,0,11,4,47,0,1410,893,7,0,10,5,39,0,2019,1655,15,1,6,9,22,1,5,3,NA,17,NA,"True"
"57",61,1,756,935,6,1,9,6,1,1,1816,1216,16,0,5,5,26,1,871,802,1,0,7,13,72,1,1694,1944,12,3,5,11,12,1,1334,975,8,0,5,5,106,2,2169,1522,22,0,5,7,109,1,1173,1147,15,0,7,8,7,1,756,717,5,0,0,10,2,2,1657,1975,18,2,8,9,3,1,1364,869,1,1,8,8,173,0,3,7,NA,-69,NA,"False"
"58",20,1,828,747,6,0,12,9,67,2,1033,920,9,0,7,6,14,3,2017,1643,15,1,4,7,69,2,1656,1741,18,1,3,11,64,2,1099,534,1,0,8,8,11,2,1718,1306,20,0,6,7,38,2,1127,1515,9,2,10,9,101,1,1055,862,2,1,9,15,18,2,1174,1167,16,0,11,8,74,2,1248,1269,10,0,11,5,23,1,6,1,119,-71,NA,"True"
"59",79,0,971,693,2,0,6,9,67,0,1291,1485,21,0,6,5,28,0,956,811,5,0,8,6,100,0,515,787,1,1,1,8,11,0,2135,1512,21,0,4,7,39,0,837,651,4,0,6,8,31,0,1025,547,3,0,7,7,55,0,1404,1488,14,1,9,11,21,0,1768,1278,18,0,5,8,8,0,978,1408,22,0,10,9,115,1,7,0,155,-79,NA,"True"
"60",62,1,1395,1013,8,0,10,9,79,1,1025,795,1,1,8,10,73,0,1900,2474,22,0,8,6,42,0,935,1013,13,0,9,6,40,1,1075,581,2,0,12,7,101,1,2048,1366,14,1,3,5,29,0,1543,1320,13,1,7,7,93,1,804,1035,1,1,8,10,35,0,1276,1064,9,0,16,9,43,0,732,1226,7,0,10,10,140,1,9,4,45,-39,NA,"True"
"61",35,2,846,585,2,0,4,8,112,1,559,500,0,0,10,6,19,2,1462,1610,12,2,6,12,11,4,1721,1543,13,1,6,10,3,2,877,1274,19,0,6,5,54,2,1192,1031,13,0,5,4,90,2,1132,1198,10,1,7,7,72,2,1251,1126,4,1,6,8,20,2,978,629,5,0,6,6,43,3,1951,1537,19,0,7,4,99,0,3,9,109,-27,NA,"False"
"62",39,0,2066,2104,21,3,8,6,73,0,1751,2269,18,2,8,6,112,0,730,678,0,0,11,7,60,0,952,986,6,1,13,7,87,0,755,1233,1,2,10,15,28,0,1355,1011,6,0,12,7,50,0,782,948,3,0,6,11,47,0,1249,1658,12,2,8,12,8,0,1483,1775,26,0,1,11,7,0,937,1045,1,1,6,7,0,0,0,5,97,-85,267,"False"
"63",73,1,1842,1466,18,0,1,8,100,1,1077,1028,8,0,6,7,18,1,1503,1509,22,0,0,7,21,1,813,598,1,0,1,9,79,1,862,1076,5,1,0,8,75,1,753,1039,7,0,1,8,26,1,799,873,3,0,3,10,77,1,1463,1273,15,0,2,4,25,1,1832,1201,13,0,8,6,44,1,972,1273,9,1,3,6,171,0,4,9,NA,-65,191,"True"
"64",86,0,902,541,1,0,6,7,93,0,1044,1423,20,0,9,5,68,0,2273,1642,19,1,6,9,60,0,1299,970,7,0,13,8,70,0,967,1062,24,0,14,4,21,0,951,1073,14,0,9,6,57,0,951,536,1,0,11,8,74,0,1578,1132,15,0,8,7,42,0,1686,2104,28,1,13,10,112,0,697,627,0,0,13,8,151,1,8,3,186,-66,210,"True"
"65",5,1,1175,605,2,0,4,8,2,1,1106,967,21,0,5,7,47,2,2162,1371,20,0,5,7,7,1,865,579,2,0,8,9,8,2,1342,1613,29,0,2,9,112,0,624,547,0,0,16,8,19,2,1097,1877,25,1,10,8,61,2,1515,787,8,0,7,6,27,1,680,613,0,0,12,9,39,3,1769,1357,17,0,6,8,93,1,6,1,159,-70,NA,"True"
"66",84,0,1002,1250,0,1,9,11,69,0,1153,1391,16,0,3,5,100,0,1416,974,5,1,12,6,21,0,2020,1667,25,0,1,6,1,0,1559,2087,21,3,5,13,15,0,1132,865,9,0,18,11,7,0,498,499,0,0,6,8,94,0,1438,1249,16,0,2,7,87,0,698,607,4,0,6,7,75,0,1636,873,9,0,5,6,7,0,0,5,100,-84,NA,"True"
"67",107,0,1618,1222,16,0,0,9,71,0,815,920,1,1,3,6,103,0,1234,637,2,0,6,7,72,1,935,1506,17,1,3,8,50,0,804,749,2,0,3,10,36,0,1872,1594,26,0,9,6,100,0,978,1359,4,2,11,11,15,0,1167,846,8,0,10,5,106,0,1508,1219,13,0,10,7,5,0,694,687,5,0,8,10,-18,1,6,4,83,-84,NA,"True"
"68",14,0,1218,1157,7,0,5,8,23,0,1391,994,9,0,6,2,9,0,1383,1389,10,2,8,12,53,0,746,822,11,0,17,1,4,0,2022,1736,28,0,11,13,25,0,1676,824,8,0,7,5,106,0,2110,1570,25,0,4,5,71,0,797,955,7,0,12,10,64,0,944,1099,5,1,10,12,5,0,898,1035,11,0,9,11,148,1,8,0,32,-60,NA,"False"
"69",90,0,861,791,3,0,15,10,62,0,426,703,1,0,8,8,73,0,1149,2578,26,0,11,4,25,0,2141,1943,31,0,12,8,29,0,1333,1168,10,0,8,8,112,0,335,499,0,0,12,9,33,0,1646,903,10,0,14,7,39,0,1849,1066,14,0,9,8,16,0,542,499,0,0,9,7,36,0,1414,1533,25,0,10,9,NA,NA,NA,NA,125,-86,194,"False"
"70",86,1,968,598,1,0,14,8,62,1,1292,1116,15,0,16,4,95,2,1194,1405,24,0,11,6,74,2,2262,2019,34,0,4,12,28,1,851,915,2,1,17,8,112,1,993,1004,2,1,10,7,44,1,1308,1661,26,0,9,7,33,2,1459,1347,25,0,9,9,39,3,1863,1026,2,1,10,5,14,2,1764,624,3,0,8,6,207,1,5,4,NA,-9,272,"False"
"71",73,0,1163,1781,18,0,4,7,69,0,912,1054,19,0,5,6,102,0,681,545,1,0,9,10,11,0,2028,1479,23,0,15,6,25,1,1038,855,7,0,9,4,110,1,1907,1056,9,0,4,7,21,1,1192,1286,16,0,2,6,71,1,922,948,4,1,8,7,5,0,1001,683,3,0,6,11,106,0,1606,1502,16,1,3,13,1,1,9,3,153,-74,284,"False"
"72",71,0,820,1187,2,2,10,10,28,0,1254,1318,15,0,9,10,112,0,489,612,0,0,5,10,25,0,1678,1418,20,0,7,7,1,0,1784,1156,16,0,4,8,11,0,2004,1748,20,1,4,8,12,0,955,1490,23,0,4,5,27,0,878,708,6,0,6,10,51,0,1932,1443,23,0,2,7,50,0,514,541,1,0,5,11,161,0,0,7,190,-87,NA,"False"
"73",5,0,858,500,0,0,20,10,56,0,850,679,2,0,14,5,100,0,1858,1273,11,1,14,7,6,0,953,1122,8,1,9,6,1,0,1395,1333,19,0,3,5,98,0,1717,846,8,0,3,6,25,0,528,582,5,0,11,7,67,0,933,1075,14,0,7,7,30,0,950,972,1,1,10,12,47,0,1978,1214,15,0,8,7,104,1,8,1,138,-83,190,"False"
"74",101,1,959,775,2,0,15,11,48,0,1078,683,2,0,9,8,8,1,1040,862,8,0,3,5,14,0,1144,1142,4,1,3,5,59,1,2058,1131,14,0,5,5,39,0,1873,821,8,0,10,5,75,1,1286,950,4,1,4,5,73,0,937,1355,15,0,10,4,110,1,1050,667,4,0,3,7,42,1,1102,1189,14,0,6,9,280,0,3,9,NA,-74,190,"False"
"75",35,0,1027,1283,8,1,9,7,7,0,621,773,3,0,6,9,46,0,2006,1442,15,0,1,6,8,0,855,844,0,1,7,0,100,0,682,823,4,0,11,10,22,0,1496,1511,6,1,8,10,19,0,1419,1428,12,1,7,6,11,0,2241,1159,13,0,8,5,86,0,818,1153,7,1,6,13,93,0,1424,2069,13,4,8,16,50,1,8,0,40,-85,NA,"True"
"76",1,0,1097,1179,14,0,8,8,11,0,2009,1405,21,0,5,8,58,0,888,1041,18,0,13,9,110,0,894,625,3,0,10,7,60,0,1235,662,4,0,13,8,71,0,715,736,7,0,2,7,106,0,1474,1472,24,0,5,6,25,0,2178,1713,27,0,1,9,9,0,1136,876,8,0,2,6,31,0,1264,927,0,1,3,4,277,1,9,4,195,-59,NA,"False"
"77",74,0,1742,1197,12,0,3,6,51,0,1555,1580,15,1,8,6,72,0,1185,1474,21,0,7,9,25,0,902,557,0,0,4,14,112,0,359,532,1,0,7,8,42,0,1934,2019,29,1,3,6,50,0,544,572,3,0,3,8,110,0,1593,959,11,0,0,9,21,0,1789,1396,21,0,1,7,33,0,2112,1649,36,0,0,17,7,1,5,4,45,-86,181,"False"
"78",69,0,2038,1383,19,0,3,8,104,0,864,1372,11,2,5,10,42,0,835,1362,10,1,10,10,64,0,719,803,1,0,4,15,39,0,2389,1912,24,1,5,7,86,0,650,698,4,0,7,7,74,0,1380,786,5,0,12,6,88,0,735,701,2,0,12,2,23,0,897,1374,13,1,7,8,28,0,1678,870,8,0,11,7,-2,1,8,2,110,-81,211,"True"
"79",21,1,1725,1177,13,0,10,6,20,1,796,706,2,0,23,7,74,1,2141,1200,17,0,8,6,35,1,970,1843,18,2,12,9,7,1,929,1043,2,1,14,8,71,1,814,1390,16,1,12,10,43,1,2092,1426,21,0,10,6,110,1,1408,777,3,0,0,4,95,1,1511,825,8,0,13,9,16,1,1218,1332,12,1,12,6,49,0,3,8,198,176,269,"False"
"80",74,3,2183,1519,16,1,3,6,102,2,773,622,3,0,3,6,100,2,969,870,9,0,6,8,5,1,940,1117,5,1,7,9,73,3,1781,2271,21,0,7,11,9,2,1106,668,4,0,2,8,35,2,1104,1276,19,0,10,9,30,2,877,500,0,0,6,11,22,1,1034,1261,10,0,7,4,72,2,2040,1610,17,1,6,6,120,1,9,4,51,-56,222,"True"
"81",100,0,1041,1062,2,1,5,8,19,0,1263,1459,12,1,2,6,104,0,1389,1236,24,0,8,4,55,0,1512,1287,14,0,3,7,11,0,2331,2049,23,2,5,6,30,0,660,539,1,0,4,7,68,0,810,581,2,0,6,9,97,0,1616,1500,11,1,2,8,44,0,1465,1424,23,0,4,7,6,0,810,970,11,0,4,11,45,0,0,6,121,-83,NA,"True"
"82",21,0,1404,1078,13,0,3,8,46,0,2010,1716,20,1,2,8,68,0,759,693,1,0,0,8,16,0,846,854,8,0,1,6,35,0,1417,1136,16,0,1,8,5,0,850,1030,11,0,8,11,28,0,1677,1264,18,0,7,9,100,0,913,852,1,0,0,8,19,0,1545,2038,21,2,0,11,73,1,1458,1285,15,0,0,4,NA,NA,NA,NA,116,-85,288,"False"
"83",31,0,1314,1129,1,2,6,12,62,0,613,901,3,1,12,7,39,0,1422,911,11,0,6,5,106,0,1271,1500,20,0,6,9,97,0,1521,1162,13,0,6,7,35,0,1045,995,12,0,8,8,85,1,1000,679,2,0,2,7,14,0,713,1055,7,1,8,12,59,0,2081,1935,21,1,3,13,84,0,962,810,1,0,7,9,90,1,8,4,171,-72,NA,"False"
"84",57,1,1061,814,4,0,10,8,104,1,976,1162,16,0,10,7,26,1,1133,1034,3,1,12,6,19,2,1591,1019,10,0,0,2,93,0,1182,1349,13,1,5,11,9,1,845,822,2,0,7,8,35,1,1706,1947,15,2,6,12,42,1,1604,1550,21,0,5,8,74,2,1859,1275,15,0,2,7,30,1,926,738,4,0,8,8,130,0,2,5,4,-46,189,"False"
"85",112,0,565,636,2,0,4,8,50,0,737,544,1,0,8,9,71,0,1527,1334,20,0,7,7,59,0,1057,1592,19,1,9,6,25,0,2225,2061,24,1,7,8,8,0,2100,1748,29,0,4,11,23,0,962,1214,8,1,6,10,11,0,1982,1782,19,1,5,10,60,0,1008,1155,6,0,4,9,7,0,278,540,1,0,10,7,75,0,4,7,79,-87,187,"False"
"86",7,1,1003,815,5,0,4,7,35,1,2295,1925,22,1,2,12,59,1,1050,1052,6,1,3,5,77,1,1072,1572,25,0,3,8,111,1,1010,542,1,0,0,8,64,1,711,615,5,0,8,6,110,1,1425,624,3,0,4,5,5,1,949,582,2,0,9,9,106,1,1766,1096,12,0,5,8,72,1,462,788,6,0,2,8,64,0,1,8,NA,-34,NA,"True"
"87",74,1,2313,2171,23,1,2,11,112,0,133,757,2,0,9,10,7,0,982,771,3,0,7,10,93,0,1464,1808,27,0,5,4,27,0,712,825,0,0,7,9,86,1,715,616,3,0,14,5,50,0,396,598,4,0,10,13,44,1,1151,1367,21,0,6,9,28,0,949,789,7,0,11,9,11,0,1900,1302,17,0,6,7,152,0,0,9,NA,-82,181,"True"
"88",51,0,1272,1634,20,1,8,10,6,0,1284,1257,16,0,7,8,20,0,786,698,2,0,15,10,3,0,1210,1047,1,1,3,9,21,0,2234,1677,28,0,8,6,69,0,1496,1073,9,0,14,8,42,0,1029,977,14,0,13,6,16,0,326,721,5,0,4,4,7,0,607,542,1,0,12,8,17,0,1484,1153,16,0,5,3,164,0,3,8,142,-75,267,"False"
"89",73,1,1360,2155,14,1,7,9,75,1,1206,1138,0,2,7,11,48,1,1376,1857,25,1,6,9,112,0,821,714,1,0,4,13,74,1,453,500,0,0,4,4,68,1,801,571,3,0,7,8,42,1,1259,1604,26,0,11,5,17,1,1784,1519,16,0,11,12,34,0,651,704,5,0,8,9,60,1,398,587,1,0,6,7,86,0,0,7,1,-84,187,"True"
"90",51,0,903,704,5,0,11,6,101,0,600,958,0,1,15,11,39,0,2112,1508,17,0,16,6,12,0,1822,1591,24,0,10,7,53,0,1260,1212,29,0,12,8,74,0,1594,1034,12,0,6,7,4,0,1144,1081,21,0,10,7,26,0,984,534,2,0,9,10,21,0,1366,663,4,0,3,5,7,0,1303,1339,20,0,4,7,240,0,1,5,141,-79,181,"True"
"91",50,0,512,588,2,0,4,8,91,0,675,700,2,0,4,3,12,0,849,1205,9,1,4,10,42,0,2071,1739,22,1,1,9,74,0,2473,1847,23,1,0,10,87,0,749,900,0,2,4,10,1,0,787,1260,17,0,6,8,21,0,1282,1149,5,1,4,9,97,0,1684,1213,14,0,4,6,26,0,607,754,0,0,5,7,29,0,2,6,-86,-83,209,"True"
"92",74,2,2151,1404,21,0,13,4,18,0,1390,2156,29,1,5,4,35,1,571,742,6,0,7,9,71,1,510,579,2,0,11,9,36,1,999,651,0,0,12,5,112,1,493,568,1,0,5,8,63,1,1756,963,10,0,11,11,109,1,1344,1627,23,1,10,11,20,1,441,585,1,0,5,7,21,2,2033,1544,21,0,13,7,164,0,1,6,NA,-22,NA,"True"
"93",62,1,1218,810,6,0,8,7,71,1,860,1189,9,1,11,7,14,2,1736,1196,15,0,4,5,100,1,1258,1751,11,2,5,9,40,1,1104,897,7,0,11,9,35,1,877,796,7,0,5,9,32,2,1247,1123,9,0,8,8,4,1,1179,1528,15,1,17,9,39,1,1604,951,11,0,6,7,51,1,858,813,6,0,14,8,57,0,3,9,50,-55,NA,"True"
"94",94,1,1282,936,11,0,2,12,87,1,801,521,1,0,5,6,23,1,1892,1361,21,0,6,9,91,1,789,590,2,0,11,0,19,1,1114,1055,11,0,10,1,104,2,2074,1479,20,0,14,3,21,1,1642,827,8,0,10,7,100,1,793,538,1,0,12,1,30,1,301,569,1,0,17,4,98,1,772,852,9,0,10,4,NA,NA,NA,NA,NA,NA,293,"True"
"95",8,0,1321,1561,25,0,12,7,68,0,990,651,6,0,4,8,35,0,1205,1275,13,0,11,14,21,0,1627,1191,14,0,9,5,99,0,824,801,4,0,6,9,101,0,1104,883,1,1,10,8,41,0,1099,1719,15,2,3,9,73,0,2589,3349,31,0,5,4,107,0,1211,665,4,0,5,5,5,0,425,584,1,0,6,6,84,1,6,2,209,-84,NA,"False"
"96",65,1,586,646,3,0,1,7,11,3,2210,1860,29,0,3,8,61,1,1207,664,4,0,2,6,104,1,733,931,18,0,2,6,62,1,1565,1112,6,1,3,7,31,1,1202,875,6,0,0,7,15,2,1364,1497,17,1,2,9,52,2,1555,716,4,0,3,5,80,1,1185,1171,8,1,0,9,44,1,1540,1513,15,1,0,9,62,1,8,0,110,-29,NA,"False"
"97",107,0,662,554,0,0,9,9,9,0,396,500,0,0,9,9,25,0,1880,2026,34,0,5,6,69,0,1075,1324,20,0,9,6,104,0,1722,1266,19,0,8,5,50,0,918,763,9,0,4,7,39,0,2034,1620,24,0,10,8,51,0,1639,1055,14,0,10,6,26,0,811,558,0,0,3,10,42,0,1358,1653,27,0,9,6,NA,NA,NA,NA,194,-73,219,"False"
"98",50,0,440,547,1,0,3,12,39,0,1983,1551,23,0,4,8,11,0,1423,1302,16,0,8,9,85,0,967,1277,8,1,3,6,28,0,987,1267,16,0,3,9,32,0,1102,964,11,0,4,8,62,0,787,956,1,0,8,5,74,0,1132,906,3,1,9,8,63,0,2360,2115,19,1,8,11,100,0,624,590,1,0,10,7,132,0,3,5,245,-78,217,"True"
"99",88,2,1950,1159,15,0,8,9,93,2,1233,1234,10,1,5,7,85,2,906,926,7,0,14,8,1,2,1372,1213,15,0,6,7,83,1,804,557,0,0,10,10,99,2,1924,1226,17,0,3,6,31,1,1129,540,1,0,16,9,67,1,1191,909,10,0,8,9,35,1,1088,1381,11,1,5,8,68,1,1130,1007,3,1,11,8,144,1,8,4,NA,82,NA,"False"
"100",98,1,1914,814,7,0,15,9,31,1,894,939,1,2,15,6,106,1,908,951,9,0,14,3,30,1,844,723,2,0,7,12,86,2,1917,1213,17,0,13,6,112,1,706,684,1,0,11,10,52,1,908,647,2,0,11,4,44,2,1216,1197,15,0,11,7,75,1,706,1067,5,1,11,9,59,2,1940,1249,14,0,6,7,125,1,8,2,92,-67,NA,"False"
"101",37,2,1154,718,2,0,12,6,60,1,864,980,8,0,10,12,15,2,2193,1342,20,0,8,11,72,2,1233,1985,24,1,11,9,103,1,1224,947,5,1,9,7,25,1,1065,1077,14,0,14,11,23,2,1835,1410,19,0,10,7,30,1,962,787,7,0,13,8,54,2,1653,1402,26,0,8,4,6,1,1000,876,9,0,13,6,157,0,3,9,258,-66,183,"False"
"102",68,1,680,540,1,0,8,11,39,3,2105,1566,21,0,7,7,4,1,608,869,11,0,11,8,18,1,1283,1349,20,0,8,9,22,2,919,836,7,0,8,9,71,1,745,1225,1,2,7,8,8,2,1294,1969,30,1,3,12,31,2,1108,646,0,0,5,9,74,3,2055,1248,15,0,2,10,28,2,1147,1361,2,2,5,10,94,1,5,0,150,-64,282,"False"
"103",63,2,1993,1188,14,0,2,5,99,1,1179,916,10,0,0,6,87,1,1040,774,1,0,1,7,12,2,1610,2072,20,2,1,14,16,1,1081,940,12,0,2,7,21,2,2422,1822,23,1,8,7,8,1,1113,1206,17,0,4,9,45,1,1009,674,5,0,7,6,106,1,1179,826,8,0,6,5,54,1,688,537,1,0,5,7,168,0,3,8,NA,-55,NA,"True"
"104",50,0,865,750,4,0,6,7,59,0,1789,1328,19,0,0,7,68,0,676,927,0,2,0,10,93,0,1035,585,2,0,11,9,34,0,2273,1719,24,0,0,6,21,0,958,759,3,0,2,10,11,0,1105,883,6,0,0,7,56,0,1216,1787,22,1,1,9,60,0,798,1015,10,0,1,8,57,0,957,665,4,0,0,10,147,1,7,3,110,-87,NA,"False"
"105",31,2,1078,846,0,1,6,5,5,2,611,573,2,0,15,10,106,2,1595,1816,30,0,7,9,74,3,2059,1413,20,0,10,8,86,1,1159,1082,14,0,11,9,14,1,763,1209,0,3,8,16,19,2,1914,1502,20,0,13,6,100,1,818,622,0,0,14,10,97,2,1272,947,8,0,14,7,23,1,1066,1565,23,0,7,10,82,1,5,4,NA,-61,294,"False"
"106",23,1,1001,1109,9,1,12,4,84,1,778,990,2,1,7,13,112,1,893,1156,2,2,4,7,74,1,2018,1470,23,0,1,9,73,2,2084,2765,23,0,4,11,91,2,956,1225,6,1,13,10,68,1,735,1147,5,1,9,13,46,1,1877,1498,18,1,5,6,20,1,540,500,0,0,9,7,106,1,1514,992,12,0,6,4,2,1,5,0,-70,-65,211,"True"
"107",30,1,1117,1069,11,1,4,9,65,1,495,664,0,0,2,6,8,1,1152,1532,12,1,1,7,81,1,1709,1151,11,0,4,4,14,2,1657,1539,13,3,5,8,41,1,1122,1088,11,0,9,8,4,1,1061,788,10,0,10,4,80,1,1759,1395,21,0,7,7,21,1,973,663,4,0,6,0,86,1,452,668,4,0,15,13,38,0,2,9,-20,-59,NA,"True"
"108",51,1,1427,878,10,0,7,7,11,3,1923,1172,16,0,5,5,66,2,1299,1634,18,2,5,3,14,1,686,606,1,0,8,6,19,2,1508,1279,13,0,7,7,86,1,581,541,1,0,9,8,75,3,2056,1327,18,0,11,6,102,2,1394,1107,13,0,8,9,101,1,927,546,2,0,7,9,72,2,1382,1520,24,0,5,7,145,0,2,5,-62,-72,NA,"True"
"109",14,2,1944,1566,14,1,6,8,32,1,1569,1680,18,1,0,11,96,0,1870,1684,20,1,7,9,62,1,298,499,0,0,2,7,101,1,709,499,0,0,7,6,86,1,707,635,2,0,7,12,11,1,1717,1101,14,0,14,5,2,1,967,1149,19,0,12,5,74,1,1976,1049,11,0,6,5,42,1,1430,1522,14,1,14,9,184,1,9,4,100,-70,194,"True"
"110",19,0,941,1033,8,0,10,5,88,1,1384,1056,7,1,11,5,21,1,1901,1446,21,0,9,8,54,1,1854,1450,21,0,12,6,53,1,597,854,10,0,11,2,30,0,752,1274,4,2,0,10,68,1,659,836,0,1,14,15,18,1,1317,1283,17,0,6,10,71,1,1428,1096,11,0,4,8,34,0,1824,1224,15,0,9,6,176,1,5,4,-66,-31,NA,"False"
"111",21,1,844,588,2,0,9,6,62,1,1366,1337,11,1,10,11,15,1,834,862,9,0,8,4,25,1,1766,1425,12,1,11,5,7,1,611,539,1,0,12,9,92,1,1118,1291,6,1,15,9,90,1,982,673,4,0,8,10,74,1,1591,1169,13,0,10,7,71,0,1244,1604,11,2,11,12,11,0,1044,1182,17,0,12,9,113,1,5,4,58,-29,NA,"True"
"112",102,1,874,870,3,1,1,11,14,0,2032,1347,15,0,4,7,87,0,911,691,4,0,2,8,70,0,1269,1639,18,1,3,10,98,1,936,1321,18,0,2,8,112,0,810,1342,4,1,6,9,4,0,1394,1541,26,0,12,6,109,1,1210,1000,13,0,10,7,28,0,1596,1440,17,0,10,9,11,0,2101,1486,23,0,6,8,11,1,5,2,110,-83,NA,"True"
"113",7,1,761,898,0,0,7,4,30,1,872,1293,10,1,11,11,74,1,1232,1137,10,0,3,2,97,2,2098,1713,10,1,3,3,21,1,1425,946,7,0,6,8,11,1,1955,1536,24,0,4,5,36,1,662,581,2,0,4,1,89,1,978,968,9,0,3,3,56,2,1366,1296,16,0,7,6,5,1,1101,993,2,1,1,5,111,1,9,1,73,NA,269,"False"
"114",18,0,1605,1053,14,0,3,7,1,0,1161,1525,24,0,1,8,86,0,764,539,1,0,3,8,68,0,541,662,3,0,4,7,74,0,1740,1202,8,1,0,12,7,0,866,584,2,0,8,3,27,0,834,525,1,0,9,7,8,0,1413,1762,30,0,0,3,59,0,1074,1295,7,1,10,8,34,0,2034,1501,20,0,0,7,186,1,8,3,NA,-84,NA,"True"
"115",25,0,728,607,1,0,10,8,74,0,2160,1169,15,0,1,7,6,0,884,1242,18,0,7,14,48,1,1262,1050,14,0,5,8,21,0,1124,671,4,0,4,10,27,0,1249,983,4,1,8,5,110,0,1010,1080,11,0,8,9,45,0,1009,644,3,0,11,11,106,0,947,802,5,0,4,9,11,0,1726,1520,15,1,7,5,153,1,9,0,NA,-72,181,"True"
"116",107,3,1854,1091,12,0,10,4,50,2,1168,750,4,0,0,11,84,1,874,581,5,0,0,12,61,1,1068,1556,26,0,8,5,59,1,1114,871,9,0,7,3,6,1,866,799,6,0,9,10,89,2,1121,1158,16,0,2,4,69,1,806,961,12,0,8,10,11,2,1793,1123,14,0,5,6,63,2,1364,805,9,0,9,6,NA,NA,NA,NA,126,-68,NA,"True"
"117",3,1,506,660,4,0,5,9,73,1,1757,2409,23,0,4,8,93,0,1250,557,2,0,7,7,1,0,1040,1321,20,0,2,7,9,0,677,500,0,0,9,6,70,0,2033,1333,17,0,4,7,86,1,968,685,5,0,2,9,12,0,1533,1376,20,0,3,13,17,0,1286,1182,14,0,5,9,102,0,1038,1078,3,1,4,8,163,1,9,4,44,-87,193,"True"
"118",27,0,1027,1370,3,2,13,10,36,0,986,1202,11,1,10,12,21,0,2055,1555,22,1,8,9,55,0,1995,1389,21,0,10,12,7,0,318,637,1,0,8,10,8,0,2007,1351,20,0,3,11,74,0,2014,1056,11,0,6,6,40,0,796,1121,2,2,9,13,100,0,614,907,0,0,11,9,59,0,1148,1313,13,1,10,9,62,0,0,7,123,-82,NA,"False"
"119",73,2,1994,2846,26,0,9,10,63,2,1520,1207,16,0,9,10,30,1,658,618,4,0,11,9,26,2,792,901,1,1,15,10,58,1,1006,748,6,0,12,6,19,1,703,567,1,0,13,5,101,2,1814,1387,9,1,10,13,20,2,1627,1276,9,1,11,7,68,1,276,836,0,1,7,10,11,1,1406,1700,23,1,7,5,118,1,7,2,70,-64,180,"True"
"120",67,2,1100,1369,18,0,1,8,27,1,1062,709,5,0,1,10,73,1,1523,1022,10,0,0,5,28,1,370,522,1,0,1,6,75,2,2046,1025,10,0,3,9,35,2,1203,1200,17,0,0,4,112,3,2100,1151,16,0,3,7,57,1,872,578,2,0,5,6,11,1,2232,1835,30,0,9,6,69,1,942,1076,14,0,7,10,NA,NA,NA,NA,NA,-43,220,"True"
"121",31,1,1085,628,3,0,2,8,74,1,1925,1072,7,1,5,5,59,2,2131,1146,15,0,7,8,54,1,963,1167,15,0,3,5,68,1,992,789,7,0,3,11,90,2,1151,1609,13,1,12,14,63,2,1138,1117,11,0,5,8,110,1,780,687,3,0,3,7,11,2,1997,1278,18,0,12,8,21,1,993,744,6,0,4,7,136,1,5,3,NA,-59,261,"True"
"122",53,1,1283,1252,18,0,3,3,26,1,945,1000,5,1,4,5,80,3,2283,1696,19,1,10,9,48,2,1430,1244,15,0,10,12,97,1,512,621,3,0,9,8,4,1,1239,1135,23,0,7,5,99,2,1595,1247,16,0,10,11,86,2,2023,1603,12,1,12,10,6,1,1630,1591,24,0,6,8,25,1,760,824,1,1,6,6,144,1,7,2,NA,-65,NA,"True"
"123",7,0,681,911,0,1,1,8,11,0,1991,1489,24,0,1,6,1,0,1444,1465,20,0,2,7,9,0,498,545,2,0,5,7,21,0,2045,1674,26,0,3,9,74,0,1655,828,8,0,7,5,55,0,893,856,7,0,7,10,93,0,1753,1160,15,0,7,12,69,0,1156,1225,22,0,8,9,22,0,1071,927,10,0,7,11,184,0,0,9,154,-81,NA,"True"
"124",16,0,1080,1041,15,0,10,3,11,0,2175,1403,20,0,8,7,21,0,2022,1247,18,0,10,5,5,0,892,696,6,0,8,5,1,0,1411,1137,13,0,6,8,55,0,1548,945,11,0,2,10,60,0,1842,1103,15,0,7,6,42,0,1325,2302,31,1,11,11,7,0,1112,642,0,0,7,10,34,0,761,936,19,0,3,5,74,1,7,2,169,-75,NA,"False"
"125",81,0,1136,1666,28,0,2,6,107,0,867,553,0,0,0,10,66,0,713,952,9,0,2,8,76,0,2043,1764,23,1,4,9,100,0,1261,880,8,0,2,6,2,0,1734,2069,30,0,7,6,74,0,1492,689,5,0,6,5,31,0,1097,661,5,0,7,5,94,0,1580,1133,13,0,9,10,29,0,1649,970,11,0,6,8,46,1,5,3,212,-83,NA,"True"
"126",39,1,1372,1014,11,0,2,8,85,1,783,660,4,0,7,6,22,1,1320,1012,13,0,5,7,1,1,1152,1630,24,0,0,4,104,1,862,1305,15,1,3,7,11,2,2643,2115,22,2,6,9,102,1,1214,1774,30,0,4,3,25,1,842,499,0,0,4,5,64,1,362,677,2,0,14,5,93,1,1576,803,5,0,11,8,11,0,4,9,NA,146,NA,"True"
"127",30,0,977,760,3,0,4,8,73,0,1160,1899,13,1,4,7,74,0,996,1339,19,1,4,6,21,0,1207,880,9,0,2,8,11,0,1759,1156,16,0,4,9,39,0,2085,1981,17,1,0,11,86,0,980,851,0,1,10,11,82,0,1481,1194,16,0,8,9,104,0,1272,1154,15,0,7,6,7,0,560,499,0,0,0,8,97,1,5,4,264,-81,NA,"True"
"128",19,0,895,852,5,0,6,7,9,0,981,1256,1,1,0,8,23,0,1390,2025,26,0,0,7,14,0,914,874,4,0,0,1,11,0,2188,1796,20,1,0,6,21,0,1893,1423,21,0,10,7,35,0,1052,1455,20,0,1,8,36,0,914,595,1,0,2,10,44,0,897,745,6,0,1,9,27,0,913,545,2,0,1,9,NA,NA,NA,NA,52,-84,242,"True"
"129",1,1,959,1229,17,0,6,11,74,2,1975,1134,15,0,9,3,7,1,966,613,2,0,4,7,41,1,997,1081,14,0,12,9,6,1,897,580,2,0,14,9,103,1,859,981,8,0,5,8,11,3,2217,1621,23,0,4,7,56,2,1248,959,3,1,6,10,12,2,1456,1408,19,0,2,10,2,1,1085,1264,17,1,2,9,166,1,9,4,NA,-57,NA,"False"
"130",14,3,1251,1522,6,2,8,9,18,2,1187,1482,17,1,13,6,35,3,1960,1350,17,0,9,7,33,3,2083,1739,31,0,5,5,64,2,1143,958,1,1,9,10,26,2,790,741,2,0,13,8,67,2,1658,1560,22,0,5,11,106,3,1403,778,7,0,3,6,62,2,1046,1061,10,0,5,10,68,2,916,1356,1,2,6,9,142,0,0,9,177,-72,291,"False"
"131",18,2,1030,851,6,0,1,8,30,0,436,500,0,0,1,11,63,2,1485,1306,16,0,4,12,14,2,1493,1741,9,2,0,4,26,1,1505,1089,14,0,0,10,11,3,2060,1453,14,1,8,9,35,2,1808,1117,12,0,0,7,69,2,1205,1493,13,1,0,11,34,2,1767,1596,19,1,1,6,33,2,1232,1268,29,0,0,8,156,0,3,5,NA,-70,239,"True"
"132",50,1,1009,635,2,0,8,6,39,3,2012,1463,18,0,7,5,20,1,801,675,5,0,12,10,63,2,1056,1400,13,1,7,10,35,1,858,700,5,0,9,10,74,2,1832,1054,11,0,2,6,44,1,1303,878,10,0,5,10,42,1,1492,1543,17,1,8,7,83,1,612,916,0,0,5,8,75,1,430,618,3,0,5,6,12,0,3,6,124,-68,182,"False"
"133",31,0,860,853,0,0,7,9,71,0,1434,707,5,0,11,7,74,0,2118,1584,25,0,5,12,1,0,1254,1591,16,1,7,8,73,0,1040,942,11,0,7,3,97,0,477,703,5,0,0,9,60,0,816,547,2,0,7,8,30,0,847,726,4,0,5,10,21,0,1910,1584,23,0,6,7,28,0,1597,1518,22,0,0,6,NA,NA,NA,NA,NA,-87,199,"False"
"134",72,0,1399,1330,20,0,5,13,112,0,666,500,0,0,9,8,59,0,1573,1006,12,0,13,7,71,0,337,625,4,0,8,5,39,0,1508,1009,10,0,9,9,65,0,1609,955,11,0,2,4,31,0,1328,967,1,1,6,8,67,0,1271,1495,22,0,5,10,11,0,2217,2079,22,1,5,12,7,0,370,749,1,0,4,11,110,1,6,2,NA,-82,NA,"False"
"135",42,1,1308,1467,20,0,7,10,49,3,1815,1146,12,0,14,4,31,1,1287,1019,0,2,6,8,14,2,1077,826,8,1,7,5,71,1,755,718,4,0,14,7,9,1,505,663,4,0,6,9,21,3,2575,2028,22,1,1,11,28,2,1000,793,7,0,4,8,6,1,1232,1131,16,0,8,12,7,2,577,655,4,0,7,10,107,1,6,1,97,-67,NA,"False"
"136",55,1,843,912,10,0,1,5,104,1,1085,1007,1,1,7,5,70,1,912,1010,14,0,2,9,95,0,1366,751,6,0,8,10,86,0,1792,1587,21,1,9,14,29,1,1066,821,7,0,4,6,68,1,1307,1193,4,1,6,11,94,0,1608,1005,12,0,0,7,36,1,939,964,9,0,4,4,30,1,844,1220,6,1,3,13,148,1,6,3,128,-79,NA,"False"
"137",87,0,822,499,0,0,6,9,106,0,1205,1275,19,0,8,8,51,0,1072,581,2,0,12,7,7,0,192,545,1,0,14,7,11,0,1842,1200,15,0,13,7,26,0,537,608,3,0,9,8,72,0,1800,1656,27,0,6,14,112,0,556,603,1,0,5,6,110,0,1779,1056,13,0,7,6,39,0,1508,1275,14,0,6,6,NA,NA,NA,NA,166,-80,190,"False"
"138",47,1,1634,1535,13,2,5,7,11,2,1738,1141,15,0,5,5,100,1,1052,1140,4,0,4,10,62,1,1442,1500,15,1,6,8,7,1,569,500,0,0,7,9,2,2,1109,2421,43,1,5,12,102,1,1873,659,4,0,3,10,57,1,649,578,1,0,3,8,50,1,861,552,0,0,4,11,36,3,2045,1364,18,0,3,10,172,0,3,6,202,-67,NA,"False"
"139",73,0,1377,1344,17,0,5,7,7,0,931,1250,2,2,10,12,106,0,1839,1505,19,0,10,7,5,0,805,815,2,0,12,9,55,0,1595,1338,12,1,8,11,28,0,1607,1080,13,0,8,7,11,0,2342,2365,21,3,7,11,75,0,945,1362,13,1,8,8,14,0,788,1272,1,1,6,8,27,0,1076,753,2,0,7,7,89,1,7,4,129,-87,NA,"False"
"140",57,0,791,776,3,0,2,8,11,0,1701,1543,19,1,3,7,36,0,927,1198,17,0,1,6,112,0,987,595,1,0,0,8,75,0,1580,901,7,0,3,7,62,0,347,660,0,0,3,5,55,0,1511,1280,22,0,6,10,1,0,1239,1047,17,0,3,4,5,0,657,550,1,0,3,10,46,0,2504,1826,19,1,8,8,172,1,9,4,NA,-81,NA,"True"
"141",73,0,1853,2766,32,0,6,10,74,0,2027,1644,18,2,8,10,62,0,613,705,0,0,7,6,112,0,581,718,8,0,5,10,100,0,341,596,0,0,12,9,68,0,586,994,6,1,2,4,11,0,2034,1582,23,0,5,7,50,0,730,607,0,0,1,10,59,0,1491,1541,23,0,7,10,28,0,1132,961,10,0,0,6,24,1,5,4,NA,-65,217,"False"
"142",5,1,685,941,1,1,5,10,88,1,1031,816,8,0,4,9,7,2,866,835,7,0,3,7,89,1,1558,1313,13,0,4,8,21,2,2266,2013,25,1,5,8,93,1,1207,877,9,0,18,8,110,1,856,833,9,0,12,8,99,1,1560,1367,12,1,8,13,55,1,1219,1082,11,0,13,9,34,2,1461,1090,12,0,15,9,75,0,0,7,131,-76,224,"True"
"143",14,0,2022,1276,8,1,2,4,25,0,862,699,1,0,1,7,54,0,1071,1534,19,1,2,8,26,0,586,726,0,1,4,7,8,0,536,766,4,0,2,7,55,0,1698,1172,16,0,6,6,73,0,1619,1700,17,0,4,7,1,0,1330,1762,21,1,6,8,62,0,945,1585,3,4,3,3,87,0,1162,885,1,0,13,8,-2,0,2,5,74,-81,NA,"True"
"144",25,0,523,711,0,0,11,11,69,0,1539,971,8,0,10,7,48,0,1837,1829,24,1,4,10,75,0,739,668,9,0,4,7,74,0,1838,1579,17,1,8,8,80,0,1258,1227,28,0,0,4,14,0,1887,1553,11,1,9,6,8,0,1338,1544,24,0,10,9,21,0,1250,1056,3,1,7,7,112,0,948,738,1,1,9,16,166,1,6,4,NA,-85,187,"True"
"145",38,1,938,1092,9,1,6,9,14,1,2018,1461,16,1,2,8,22,1,1315,970,8,0,3,7,84,1,872,1221,3,2,3,10,42,2,1708,1794,16,0,5,11,93,1,1487,645,3,0,8,9,40,1,414,675,0,0,0,9,49,1,1225,1552,14,1,10,7,55,1,1091,1003,12,0,13,7,39,1,1877,2039,15,3,9,12,7,0,3,8,159,-45,NA,"True"
"146",106,0,1451,1288,17,0,3,9,28,0,1587,1489,11,2,6,10,31,0,1015,938,1,1,5,12,7,0,668,1185,3,0,4,10,46,0,1941,1628,18,0,5,8,72,0,938,1360,20,0,12,12,51,0,1457,1233,12,1,10,12,75,0,897,499,0,0,9,6,101,0,959,1241,2,1,10,15,11,0,1923,1569,18,1,9,8,14,0,1,5,32,-84,NA,"True"
"147",22,0,2024,1626,25,0,4,8,31,0,847,554,0,0,6,6,28,0,1125,961,11,0,10,7,7,0,290,500,0,0,6,13,72,0,1696,1437,23,0,2,11,39,0,1377,1701,28,0,4,9,62,0,306,565,2,0,12,6,11,0,2139,1730,26,0,12,10,51,0,1519,1123,15,0,12,10,112,0,572,585,1,0,10,10,NA,NA,NA,NA,54,-82,184,"True"
"148",6,1,1019,878,9,0,0,5,38,1,1316,1223,10,0,0,3,85,1,1019,951,11,0,0,8,9,1,1506,1720,7,3,10,9,21,1,1780,1236,17,0,0,6,73,1,2294,1755,10,1,1,2,14,1,1107,631,3,0,3,2,4,1,731,662,4,0,3,5,44,1,1143,833,8,0,2,7,7,1,926,808,8,0,3,7,114,0,3,6,NA,NA,NA,"False"
"149",25,0,1121,1591,7,2,7,12,1,0,1244,1615,21,0,4,9,3,0,1082,1165,2,2,6,10,11,0,1387,1322,11,1,8,7,104,0,1608,1061,14,0,7,3,39,0,2227,1906,18,2,6,7,112,0,860,1016,0,1,7,11,12,0,1672,1466,24,0,8,9,2,0,1327,1142,8,1,10,8,65,0,1145,970,16,0,5,9,30,0,2,8,62,-84,283,"True"
"150",97,0,2197,1803,21,1,4,6,71,0,858,973,2,1,9,8,112,0,1185,656,0,0,5,9,42,0,1058,1466,14,1,9,10,69,0,1731,1838,15,2,7,9,19,0,1105,1481,15,0,2,9,26,1,1106,1004,3,1,3,9,12,0,331,1050,6,1,1,5,85,0,1797,1315,12,1,2,9,74,0,1861,1341,17,0,2,8,3,1,7,1,124,-84,192,"False"
"151",11,1,2063,1625,19,0,10,10,28,0,1133,1319,16,0,2,9,29,0,573,622,3,0,0,9,68,0,1028,584,2,0,2,10,74,0,1079,876,9,0,1,0,99,1,1779,869,9,0,14,7,30,0,1106,813,0,1,8,9,104,0,1090,1030,19,0,5,5,46,1,1568,954,11,0,4,9,73,0,994,2266,18,1,4,10,134,1,9,2,155,-77,NA,"True"
"152",104,0,1320,1237,26,0,1,9,74,0,1020,870,9,0,1,2,47,0,1268,1358,20,0,5,8,12,0,1289,583,2,0,4,6,92,0,1867,916,10,0,2,6,21,0,2240,1420,18,0,0,6,9,0,1065,1048,12,0,2,8,30,0,944,566,2,0,3,5,102,0,932,781,7,0,8,10,4,0,1704,1895,21,1,5,9,238,1,9,3,NA,-84,193,"True"
"153",25,1,2249,2017,23,1,7,7,4,0,576,843,11,0,5,5,95,1,1701,716,4,0,7,4,15,1,1033,701,5,0,9,2,110,1,1053,500,0,0,6,7,77,1,701,908,17,0,2,5,22,1,1893,1181,13,0,1,9,73,1,1414,1983,27,0,3,5,98,1,1759,1117,15,0,2,6,31,1,928,573,1,0,2,8,130,0,0,5,10,-84,NA,"False"
"154",11,0,2110,1633,27,0,10,8,31,0,1145,553,0,0,7,8,32,0,1205,665,4,0,10,5,70,0,620,946,17,0,15,6,8,0,1387,1603,26,0,10,9,14,0,1869,999,9,0,8,8,104,0,1372,1238,26,0,12,3,55,0,1920,1506,15,1,11,7,26,0,607,947,2,1,5,10,28,0,1790,1837,30,0,9,6,174,1,8,2,158,-85,214,"True"
"155",25,2,2393,2123,27,1,10,13,17,1,1063,1625,27,0,11,10,1,1,873,1124,15,0,12,8,21,1,852,623,3,0,10,8,79,1,975,542,1,0,13,4,28,1,789,1089,3,1,3,10,99,1,1451,1144,13,0,3,10,35,1,1663,961,11,0,8,7,101,2,2094,1638,17,1,9,10,53,1,1369,1261,25,0,10,7,9,1,5,2,262,-61,180,"False"
"156",7,2,1284,1206,6,0,10,4,2,1,1225,1363,8,1,8,11,52,1,709,542,1,0,12,5,112,3,2077,1206,12,0,5,4,62,2,839,618,3,0,10,6,14,3,1270,650,4,0,2,3,110,1,813,539,1,0,2,4,71,2,1045,923,1,0,6,6,12,1,844,1126,15,0,7,14,1,2,1487,1749,20,1,2,8,NA,NA,NA,NA,-36,-28,NA,"False"
"157",5,1,1035,909,1,0,10,13,14,1,1334,870,8,0,3,8,2,1,1789,1833,14,3,9,5,70,1,805,500,0,0,5,2,35,1,1395,916,10,0,0,9,11,2,2434,2107,15,2,0,9,61,1,971,1274,10,2,4,9,75,1,854,715,5,0,4,6,20,2,1284,1163,11,0,5,11,8,1,1072,893,9,0,7,4,164,1,5,4,NA,-65,NA,"False"
"158",68,0,818,643,6,0,1,9,98,0,1123,1069,14,0,5,10,106,0,1600,1328,19,0,3,10,21,0,998,919,8,0,2,8,11,0,2090,1861,18,1,2,10,74,0,1883,1240,17,0,4,7,85,0,1060,890,10,0,3,7,71,0,781,751,7,0,13,8,35,0,692,857,14,0,10,1,46,0,2086,1537,22,0,10,7,272,0,4,7,185,-82,NA,"True"
"159",42,0,1449,1533,18,1,28,9,53,0,991,1201,11,1,13,2,73,0,1479,1878,14,0,18,8,21,0,1446,860,9,0,14,6,13,0,907,779,3,0,10,7,71,0,907,1265,0,1,8,9,20,0,679,928,3,0,13,13,28,0,1467,1661,21,1,6,10,47,0,1495,1166,16,0,11,8,74,0,2169,1943,16,3,6,7,51,1,7,3,46,-81,NA,"False"
"160",73,1,390,1328,3,0,9,9,62,0,529,894,2,1,9,6,16,0,598,693,0,0,9,9,8,0,1362,1642,22,0,8,13,22,0,1578,1423,18,0,11,11,60,0,1812,962,9,0,11,11,94,0,1483,1352,21,0,7,9,14,0,412,897,0,1,9,8,21,0,1924,1436,14,1,10,8,75,1,573,706,2,0,13,11,15,1,7,4,133,-81,262,"False"
"161",7,1,809,711,3,0,2,13,85,0,1726,1183,10,0,5,6,17,1,1735,1459,10,0,2,7,48,0,1366,1502,17,2,14,7,20,0,768,717,4,0,3,8,46,1,2361,2365,24,2,3,8,35,0,1543,1268,17,0,9,11,30,1,1014,1082,10,0,3,8,84,0,652,576,3,0,11,13,14,1,880,990,6,1,3,12,93,0,3,7,170,-85,182,"False"
"162",109,1,1396,1825,24,1,8,5,31,1,1057,761,1,1,8,8,11,1,1389,1001,6,1,6,8,14,0,861,863,2,0,6,7,74,1,2210,1470,20,0,8,11,79,1,552,599,0,0,14,8,17,1,1360,1809,23,1,13,9,21,0,1952,1288,17,0,8,8,5,0,442,793,7,0,7,8,8,1,990,581,2,0,12,6,98,0,0,9,276,-57,NA,"True"
"163",44,2,2117,1606,23,0,2,1,72,1,1018,1407,5,2,13,14,14,1,792,742,6,0,9,8,16,1,871,708,6,0,2,3,98,1,1572,796,5,0,4,5,41,1,2107,1582,23,0,8,10,60,1,1067,1115,10,1,7,4,47,1,1121,1165,5,1,13,14,15,1,1897,1084,12,0,4,5,104,1,1186,1182,24,0,5,3,24,0,1,5,NA,103,NA,"True"
"164",11,0,1831,1545,22,0,6,10,99,0,382,638,0,0,10,9,26,0,784,932,8,0,7,7,39,0,1822,1464,19,1,8,11,71,0,475,754,0,1,9,7,85,0,1418,1100,14,0,7,9,21,0,2206,1748,20,1,1,11,5,0,814,869,1,0,7,8,42,0,1530,2160,24,3,7,9,32,0,713,1498,0,3,7,8,46,1,8,1,71,-79,193,"False"
"165",47,0,1803,1519,18,1,4,10,42,0,1634,695,5,0,6,8,7,0,672,779,2,0,3,7,67,0,1710,1892,23,1,3,10,26,0,455,713,3,0,3,8,16,0,1665,1314,20,0,11,7,80,0,1088,1167,18,0,7,5,69,0,1763,1347,17,0,8,11,73,0,1918,2846,18,0,9,8,112,0,850,687,9,0,7,8,84,0,3,7,NA,-63,296,"True"
"166",2,2,1251,1158,22,0,10,8,8,2,1372,1385,21,0,5,10,105,1,542,540,1,0,6,7,43,3,1718,698,5,0,6,2,106,2,1797,1086,12,0,2,8,13,2,1203,923,10,0,2,10,11,2,2057,1293,17,0,9,7,26,2,1435,1489,14,1,9,8,27,2,1032,672,4,0,8,3,65,2,1362,1563,15,1,7,9,107,1,9,0,189,NA,NA,"True"
"167",9,1,796,876,5,0,3,8,74,1,2079,1224,18,0,7,8,32,1,1275,1555,22,0,6,10,40,1,998,599,1,0,7,10,99,1,1334,1282,11,1,9,13,55,1,1052,1094,22,0,8,8,8,1,1271,1749,23,1,8,12,21,1,1968,1052,11,0,4,4,23,1,1411,1036,13,0,12,6,50,0,881,542,1,0,13,10,56,0,4,9,NA,-72,200,"True"
"168",11,0,2480,2065,25,1,10,8,106,0,1314,834,8,0,10,8,87,0,401,578,2,0,8,9,55,0,1330,1531,18,1,6,8,60,0,822,815,2,0,6,9,73,0,1261,1781,12,0,5,6,100,0,1104,1238,13,0,10,13,68,0,888,1129,1,2,2,8,56,0,1929,1341,20,0,6,11,7,0,604,893,4,1,5,7,27,1,9,2,148,-86,243,"False"
"169",57,0,845,901,2,1,1,8,14,0,2467,1676,12,1,1,10,63,0,1205,982,10,0,1,8,71,0,1132,1204,6,1,1,7,75,0,909,1303,7,2,1,9,7,0,1085,1046,3,1,6,10,74,0,2064,1750,13,2,7,8,40,0,642,755,6,0,9,9,48,0,1401,1038,11,0,14,9,99,0,1369,972,11,0,10,4,-2,0,4,8,139,-70,NA,"True"
"170",86,0,709,694,3,0,6,12,25,0,1969,1935,22,1,3,6,55,0,1677,1407,18,1,2,8,106,0,1085,985,10,0,1,9,71,0,366,761,0,0,5,7,29,0,716,666,7,0,11,7,56,0,1837,1454,20,0,8,6,11,0,1246,783,6,0,7,5,112,0,564,704,5,0,9,7,39,0,859,862,9,0,5,8,-9,0,1,7,61,-80,258,"True"
"171",21,0,1926,1530,23,0,7,8,85,0,1189,1854,15,1,11,9,65,0,1193,886,0,1,6,7,42,0,1197,1332,18,0,11,6,101,0,1011,845,1,1,9,11,32,0,727,778,7,0,11,6,5,0,1027,620,3,0,14,7,25,0,2092,1488,18,0,5,8,89,0,867,1095,8,1,6,6,71,0,1017,1055,1,1,14,6,27,0,1,9,167,-79,221,"True"
"172",32,2,1635,1717,26,0,14,10,21,1,1051,1174,16,0,8,10,105,2,1151,1109,12,0,2,5,47,2,2291,2060,19,2,7,15,62,1,840,718,1,0,0,15,22,2,1593,1278,16,0,10,7,112,1,926,541,1,0,13,7,28,1,1029,871,9,0,11,7,53,1,926,1017,15,0,4,1,100,2,1072,746,6,0,8,8,171,0,3,5,NA,-69,NA,"True"
"173",75,1,937,881,0,1,4,9,35,1,1489,1429,22,0,4,13,86,1,658,499,0,0,9,7,46,2,2178,1857,23,1,4,7,19,1,834,1355,13,1,8,6,27,1,699,778,5,0,4,8,74,1,1759,1248,18,0,8,8,44,1,1423,1792,21,1,6,5,2,2,1654,971,9,0,7,8,30,1,713,743,0,1,8,13,46,1,7,4,130,-64,187,"True"
"174",20,0,561,783,4,0,7,11,98,0,819,980,12,0,4,7,39,0,1737,1141,16,0,3,6,72,0,2066,1571,24,0,10,9,112,1,818,589,2,0,8,9,91,0,484,528,0,0,7,5,30,0,1291,993,2,0,9,11,81,0,1136,1606,12,1,9,11,106,0,1474,1105,12,0,5,5,69,0,2190,1676,17,1,7,12,8,1,7,4,167,-86,NA,"True"
"175",11,0,1999,1915,24,2,3,8,50,0,940,499,0,0,7,8,74,0,1862,1316,20,0,8,6,95,0,1340,1572,24,0,5,9,45,0,290,703,2,0,7,8,2,0,1047,1026,19,0,1,6,23,0,1009,581,2,0,3,8,84,0,707,1247,2,2,3,9,73,0,2040,2420,23,0,2,5,67,0,1620,1650,27,0,6,5,11,1,7,2,147,-83,181,"False"
"176",1,1,1326,1587,24,0,4,8,84,1,824,627,1,0,10,11,14,1,836,936,2,0,9,10,74,1,1197,1177,5,1,9,6,46,1,2160,1602,25,0,6,6,17,1,2096,1512,22,0,6,9,47,1,2007,1339,20,0,8,9,9,1,113,499,0,0,3,7,26,1,856,499,0,0,10,9,72,1,1010,1300,19,0,7,7,NA,NA,NA,NA,59,-54,206,"True"
"177",22,0,1901,1233,15,0,9,6,30,0,1315,1046,0,1,10,10,32,0,1923,1453,14,0,8,6,2,0,978,1110,16,0,10,7,44,0,1700,2031,14,3,9,9,21,0,1779,1187,17,0,9,6,99,0,1715,1258,16,0,13,10,81,0,1132,1123,11,0,16,10,75,0,1120,1272,5,2,17,12,77,0,1073,1057,22,0,13,9,52,0,4,7,95,-84,NA,"False"
"178",74,2,1318,1189,6,1,3,7,6,2,1858,1165,14,0,3,8,7,1,1051,913,1,1,1,8,28,1,908,1421,13,1,4,11,71,1,728,1121,6,1,6,7,97,1,1050,678,3,0,7,8,10,2,1417,944,11,0,9,8,39,3,1976,1606,16,1,10,6,73,1,1124,1688,21,0,11,6,31,1,1199,1066,1,0,10,12,7,0,4,8,NA,-51,NA,"True"
"179",110,0,1181,909,0,1,1,11,75,0,1844,1351,18,0,5,4,42,0,1356,1533,15,1,20,9,104,0,950,1271,19,0,11,6,29,0,703,584,2,0,11,7,60,0,1163,1087,9,0,1,8,69,0,859,1114,7,0,2,8,109,0,1225,1254,5,2,6,11,21,0,1451,1046,8,1,2,6,46,0,1995,1611,25,0,6,7,90,1,7,2,NA,-76,NA,"False"
"180",112,0,660,546,1,0,14,7,31,0,847,922,1,1,8,9,99,0,1247,1233,17,0,13,7,1,0,1131,906,7,0,6,6,34,0,2169,2052,18,2,7,9,85,0,1226,917,2,0,7,10,40,0,902,1227,3,2,3,6,106,0,1554,1343,20,0,3,12,25,0,1599,1204,17,0,4,5,47,0,1289,1904,20,1,4,12,152,1,9,0,172,-77,NA,"False"
"181",8,0,1722,2026,24,1,1,11,85,0,1193,1545,0,3,3,9,2,0,1709,1461,30,0,0,6,7,0,1699,1158,15,0,3,11,9,0,2172,1417,10,1,2,7,93,0,955,903,10,0,8,6,49,0,690,499,1,0,5,5,28,0,1305,1288,19,0,3,8,87,0,605,984,0,1,7,10,13,0,1873,1248,18,0,7,7,4,0,1,8,158,-80,212,"True"
"182",14,1,1440,1990,20,2,4,10,31,1,933,1134,2,1,3,10,11,2,2061,1586,25,0,4,6,91,1,996,960,3,1,4,9,55,1,757,773,7,0,3,8,99,2,1097,1463,4,2,7,7,74,1,555,581,2,0,4,6,21,2,1649,1118,15,0,5,5,19,0,1531,1406,21,0,9,6,22,2,672,1167,6,1,10,10,143,1,5,0,167,-69,NA,"True"
"183",72,0,1655,1308,20,0,5,7,11,0,1982,1528,23,0,5,9,7,0,288,501,0,0,5,8,50,0,555,551,2,0,8,12,61,0,1807,1346,14,1,9,9,86,0,779,744,5,0,7,6,100,0,1702,898,9,0,3,7,73,0,1681,2084,18,0,0,4,62,0,700,709,5,0,3,8,19,0,1207,1565,19,2,3,11,4,1,9,4,194,-87,NA,"False"
"184",55,0,939,1139,13,0,13,9,50,0,915,933,1,1,7,13,39,0,1811,1999,30,1,2,9,73,0,1546,2302,20,0,8,11,100,0,980,945,4,1,6,8,72,0,1328,1550,21,0,6,10,3,0,717,973,1,1,7,10,112,0,677,1113,1,2,8,12,21,0,1876,1755,26,0,12,8,28,0,935,719,4,0,8,11,78,1,7,3,240,-84,219,"True"
"185",32,1,1342,857,3,0,9,5,29,0,1197,1230,1,2,12,8,25,1,2169,1215,15,0,13,7,81,0,2193,1504,8,2,10,14,16,1,380,771,7,0,5,6,14,0,766,985,0,1,13,9,20,1,0,500,0,0,12,5,18,1,1494,1090,13,0,8,8,21,1,1191,1016,4,1,15,6,8,1,1462,1396,15,1,8,7,10,1,5,3,NA,-72,NA,"False"
"186",86,1,886,878,9,0,10,7,7,1,1175,712,5,0,7,7,70,2,1157,1621,21,0,4,6,35,1,1051,779,7,0,4,5,14,2,2236,1230,5,0,5,8,60,1,1335,1101,9,1,11,7,68,1,1276,1034,13,0,11,13,59,1,833,734,6,0,21,6,22,1,971,799,3,0,11,8,11,1,1826,701,5,0,9,6,160,0,4,7,164,-59,NA,"True"
"187",69,0,1182,1212,18,0,3,5,23,0,2051,1644,8,1,6,12,41,0,1318,1045,11,0,6,8,87,0,445,686,1,0,5,9,11,0,1636,1193,17,0,4,8,54,0,1243,1143,29,0,0,6,46,0,1895,1478,20,0,1,5,9,0,1615,1284,18,0,4,8,85,0,1273,959,11,0,2,8,31,0,827,549,1,0,0,9,85,0,1,7,195,-79,281,"False"
"188",44,0,1165,1202,17,0,5,11,17,0,825,994,3,1,1,6,87,0,1279,961,7,0,0,16,39,0,1681,1193,14,0,1,8,26,0,688,585,2,0,9,5,102,0,976,1110,15,0,5,4,75,0,780,624,3,0,6,6,11,0,1922,1488,12,1,3,7,106,0,1173,1470,21,0,3,10,21,0,743,590,2,0,5,8,114,0,1,8,159,-60,NA,"True"
"189",2,2,1299,1426,21,1,2,6,56,2,1711,1286,16,0,11,5,44,1,1862,1107,14,0,3,3,105,1,440,827,0,1,2,9,36,2,2329,2260,18,2,6,13,23,2,1805,1512,16,1,9,6,76,1,1289,997,12,0,10,7,21,1,1096,1267,9,1,10,7,73,2,1300,1055,11,0,8,7,5,1,444,591,3,0,12,6,65,0,3,9,NA,-65,NA,"True"
"190",63,0,1365,951,4,1,4,12,102,0,1134,1196,13,0,5,9,91,0,1298,1277,4,1,2,5,26,0,978,834,5,0,5,11,42,1,1552,1778,26,0,1,9,8,0,1458,1452,22,0,4,12,2,0,1541,1581,24,1,7,9,106,0,1968,1337,12,1,1,8,39,0,1027,811,4,0,4,12,21,0,1128,625,3,0,2,9,186,0,2,7,3,-72,181,"True"
"191",67,1,1526,1751,28,0,12,7,107,0,802,757,6,0,13,6,68,0,955,645,4,0,11,8,11,0,1774,1201,17,0,16,9,98,0,884,738,6,0,12,8,110,0,1118,829,5,0,10,10,44,0,1488,1244,17,0,15,11,112,1,727,614,1,0,14,9,39,0,1905,1206,15,0,8,6,28,1,274,1177,1,2,16,7,148,1,9,4,232,-70,NA,"True"
"192",100,0,1186,1748,12,3,2,11,74,0,1988,1235,15,0,2,8,72,0,1908,1971,20,1,0,12,86,0,1143,1015,2,1,2,12,36,0,1227,979,3,0,3,9,8,0,1332,1541,17,1,2,14,93,0,1033,983,13,0,3,10,85,0,522,501,0,0,7,9,5,0,1146,829,7,0,9,7,43,0,1449,1224,14,0,2,5,-6,0,0,8,91,-77,182,"True"
"193",63,0,1052,1626,13,2,6,7,5,0,772,558,0,0,10,6,53,0,689,1059,17,0,13,10,21,0,2167,1519,17,1,8,10,14,0,1901,1896,11,2,3,8,71,0,919,942,1,1,4,6,44,0,1444,1276,15,0,5,7,72,0,854,1110,9,1,0,12,37,0,972,712,5,0,4,9,11,0,1810,1876,17,2,4,11,-21,0,0,8,108,-85,NA,"False"
"194",8,0,1107,622,3,0,9,5,54,0,1070,1211,19,0,6,7,39,0,765,901,2,1,9,11,18,0,1784,1868,29,0,15,9,34,0,1962,1372,15,1,6,10,110,0,1527,893,10,0,6,6,7,0,464,841,0,0,10,10,74,0,2142,1190,11,1,1,9,68,0,796,633,3,0,1,7,11,0,1690,2063,30,1,6,15,78,1,9,0,207,-63,260,"False"
"195",73,2,1207,1018,5,1,7,7,16,1,244,735,5,0,8,4,9,1,926,1039,2,0,9,7,11,2,1244,924,10,0,8,7,31,1,1595,1157,8,1,8,9,6,2,1822,1302,17,0,2,10,47,1,899,1233,14,0,9,14,84,0,760,805,0,1,8,10,39,2,2491,2156,23,2,4,13,30,2,869,819,7,0,6,11,2,0,4,6,115,-71,NA,"False"
"196",8,2,1619,1328,18,0,19,5,84,2,566,649,3,0,11,7,73,2,2016,1672,17,0,11,2,11,2,1060,1071,14,0,9,8,30,1,762,623,3,0,13,9,109,2,986,984,12,0,15,11,100,2,1075,748,6,0,13,7,68,1,862,537,1,0,12,6,71,1,663,634,3,0,1,7,39,2,1838,1288,16,0,6,5,NA,NA,NA,NA,67,-65,NA,"True"
"197",21,2,1990,1668,23,0,10,8,13,1,164,500,0,0,5,11,91,2,1451,979,9,0,10,7,94,1,237,540,1,0,7,5,82,2,1853,1099,14,0,7,6,103,2,1077,1092,6,1,3,6,2,2,1097,1701,25,0,4,8,73,2,1297,2285,27,1,0,10,57,1,1111,781,3,0,2,7,60,3,2163,1620,8,2,6,4,85,1,5,1,-37,95,NA,"False"
"198",101,1,923,543,1,0,12,9,28,1,778,971,8,0,5,4,59,2,2270,1587,22,0,8,9,50,1,1273,1213,1,2,8,11,2,1,1132,1333,17,0,6,8,31,1,1133,661,4,0,8,9,58,1,1154,949,11,0,12,5,4,1,953,1037,18,0,6,4,22,2,1537,982,12,0,8,5,25,1,1039,500,0,0,14,8,165,0,3,9,NA,-71,206,"True"
"199",64,0,921,1038,13,0,10,9,46,0,1980,1819,18,1,11,8,86,0,921,500,0,0,12,10,51,0,579,796,7,0,13,9,68,0,641,543,1,0,5,9,39,0,1753,1706,22,0,4,8,87,0,855,1363,3,2,8,9,112,0,445,693,0,0,14,8,11,0,1858,1531,22,0,9,9,80,0,1441,1048,6,1,7,6,67,1,6,3,140,-85,282,"False"
"200",12,1,1556,1532,25,0,0,6,21,1,1104,579,2,0,3,8,51,2,1018,1385,19,0,5,12,75,2,2069,956,11,0,2,4,26,1,823,685,6,0,5,6,61,2,2135,1308,20,0,9,9,94,1,1170,800,7,0,2,4,22,2,1839,1254,17,0,8,5,36,1,582,708,5,0,9,7,104,1,911,1020,15,0,8,5,NA,NA,NA,NA,NA,NA,226,"True"
"201",9,0,1872,1206,17,0,4,6,87,0,488,847,0,1,6,12,112,0,735,842,2,0,4,8,73,0,2084,2559,19,0,3,9,69,0,965,1425,13,1,3,10,50,0,589,546,1,0,11,9,100,0,521,797,0,1,13,5,21,0,1944,1306,19,0,7,7,42,0,844,1419,19,0,13,8,74,0,2029,1440,21,0,7,5,233,0,1,5,40,-86,248,"True"
"202",110,1,1466,992,12,0,4,6,20,1,1276,1069,5,1,6,8,21,1,1176,1023,11,0,1,8,47,1,1940,1523,10,1,5,4,32,1,483,638,1,0,1,3,30,1,816,875,9,0,11,11,61,1,1147,672,4,0,12,4,99,1,822,540,1,0,10,9,103,1,881,698,5,0,5,6,11,1,1522,1046,13,0,13,10,230,0,3,9,141,-85,235,"True"
"203",73,0,1974,1787,15,0,7,6,21,0,1275,984,12,0,4,7,62,0,354,553,0,0,9,6,55,0,1787,1561,28,0,10,10,68,0,603,521,1,0,8,8,69,0,971,945,9,0,6,5,11,0,1923,1687,24,0,9,8,8,0,1692,1368,21,0,8,10,71,0,922,893,10,0,6,9,112,0,395,539,1,0,7,8,NA,NA,NA,NA,3,-69,193,"True"
"204",74,0,2079,1581,19,0,10,2,67,0,1046,1035,6,0,10,10,60,0,1268,1015,9,0,5,11,55,0,733,930,9,0,5,9,112,0,452,650,2,0,10,8,73,0,1826,1166,13,0,5,6,100,0,1270,1107,13,0,5,7,39,0,1219,1332,20,0,5,9,30,0,684,1108,4,1,7,15,50,0,929,574,2,0,4,8,141,1,8,1,NA,-77,NA,"False"
"205",1,0,1680,1704,29,0,6,9,5,0,579,730,3,0,7,9,46,0,1828,1243,16,0,7,7,69,0,578,884,6,0,13,9,50,0,425,547,2,0,6,9,7,0,1123,1042,7,0,1,7,101,0,1013,1248,11,1,5,10,42,0,1451,1873,19,2,5,12,25,0,1070,808,1,0,5,9,21,0,1432,1752,17,2,4,6,54,1,7,3,212,-81,NA,"False"
"206",25,0,1535,712,4,0,11,8,1,0,2014,1507,22,0,11,9,102,0,1237,1106,10,0,2,8,53,0,779,936,10,0,3,3,9,0,1075,1166,7,1,5,11,86,0,473,618,2,0,7,7,6,0,1236,794,8,0,2,4,14,0,1971,1194,9,1,12,6,98,0,967,1060,14,0,3,9,67,0,1091,627,3,0,5,4,72,0,4,5,NA,-64,293,"False"
"207",49,0,1951,1293,17,0,4,8,4,0,1857,1464,23,0,6,7,91,1,514,741,3,0,8,8,8,1,1656,1643,28,0,5,8,86,1,668,895,2,1,7,7,112,1,417,601,0,0,0,9,73,1,1289,1376,18,0,1,7,11,1,2512,2449,26,2,1,16,72,1,1527,1867,21,2,4,11,64,1,345,555,0,0,4,5,8,1,8,2,282,-68,225,"False"
"208",55,0,1759,1995,21,2,5,10,11,0,2138,1251,15,0,4,8,71,0,887,1116,2,1,6,10,107,0,746,674,6,0,2,9,39,0,1581,1188,18,0,2,7,110,0,1163,945,7,0,9,9,93,0,1226,1560,16,1,13,14,103,0,478,785,3,0,8,6,27,0,653,857,1,0,11,10,21,0,1630,1144,8,0,8,7,45,0,0,6,204,-79,NA,"True"
"209",44,1,1157,1300,4,1,0,11,53,1,1227,1273,12,0,6,2,100,1,642,769,3,0,3,8,60,2,1906,1934,23,1,4,11,12,1,1343,977,8,0,2,10,4,1,1832,1278,18,0,6,6,82,0,645,866,1,1,5,6,48,1,1390,1050,14,0,8,6,27,1,1069,630,3,0,4,5,85,2,1849,2211,21,3,7,15,48,1,9,0,141,267,NA,"True"
"210",39,3,2056,1420,20,0,5,7,8,1,1144,1457,15,1,5,10,97,0,997,1108,8,1,4,11,84,1,875,648,1,0,8,5,78,1,925,798,5,0,5,10,86,1,684,541,1,0,11,11,25,3,2650,2099,26,1,8,6,96,1,783,741,6,0,12,6,100,1,1181,1158,6,0,11,10,44,1,1307,1266,12,0,11,6,114,0,1,7,198,-64,NA,"True"
"211",39,0,985,1429,8,2,2,4,5,0,1298,852,5,0,6,4,74,0,811,924,10,0,8,8,34,0,1819,1670,10,2,5,6,71,0,1167,740,6,0,3,4,72,0,999,1027,4,1,0,9,61,0,1415,1142,10,0,2,11,21,0,1936,1078,12,0,11,7,41,0,1103,1446,23,0,3,9,30,0,979,619,2,0,16,7,-1,0,0,9,-69,267,264,"False"
"212",30,1,1035,1063,4,1,1,11,82,3,2305,1804,27,0,2,6,51,1,870,920,5,0,3,10,77,1,842,952,11,0,5,9,87,1,915,699,5,0,0,7,10,1,1284,1233,12,1,5,6,86,2,1161,1006,10,0,8,7,85,1,979,861,9,0,11,8,26,1,1180,852,6,0,8,8,25,1,1980,1019,13,0,7,7,153,0,0,7,NA,-68,NA,"True"
"213",112,0,1059,909,1,0,5,8,38,1,1313,781,7,0,1,7,7,1,389,540,1,0,2,10,93,0,1568,2032,22,2,7,9,73,0,1434,1870,16,0,0,6,13,1,1115,1182,12,0,6,6,21,0,2208,1627,19,0,4,8,62,1,516,649,1,0,8,7,75,0,1138,737,3,0,10,7,42,0,1020,1764,27,0,13,7,96,0,3,5,2,-76,206,"True"
"214",11,1,2220,1578,20,1,2,6,40,1,714,662,4,0,2,11,18,1,1258,1136,8,0,0,7,75,1,1357,1262,14,1,2,7,93,1,1024,772,7,0,2,8,48,0,200,541,1,0,3,5,85,1,785,1083,6,1,3,6,8,1,1781,1022,10,0,4,4,74,1,1713,903,7,0,3,8,1,1,1579,1609,16,1,8,5,93,1,9,4,127,-49,NA,"True"
"215",51,0,1284,674,4,0,10,7,112,0,1092,832,3,0,4,10,39,0,2305,2121,24,1,5,8,8,0,1092,1561,22,0,4,9,7,0,501,591,2,0,9,10,71,0,585,905,10,0,8,8,21,0,1185,1021,10,0,9,13,55,0,1238,983,12,0,9,7,72,0,1720,1937,24,2,7,12,87,0,750,790,0,0,10,12,86,0,2,6,91,-81,274,"True"
"216",75,3,1998,1448,21,0,2,7,29,1,1241,1375,21,0,0,8,6,2,1088,800,5,0,3,9,62,1,808,499,0,0,3,7,3,1,776,540,1,0,2,10,91,1,816,666,4,0,8,7,44,2,1105,1051,14,0,4,6,84,1,1420,859,4,0,8,9,52,2,1751,1133,11,0,8,5,63,2,811,1400,8,2,5,19,256,1,9,4,NA,-72,NA,"True"
"217",78,1,1608,928,2,1,1,10,31,1,762,704,5,0,2,7,18,1,985,1178,5,1,5,6,22,2,1960,1220,18,0,3,11,6,1,657,623,3,0,2,10,83,1,768,1143,1,2,12,7,73,1,1241,1867,11,1,7,10,82,0,1205,962,5,0,3,8,90,1,1314,1394,2,2,5,9,46,2,2045,1371,18,0,7,8,140,1,5,1,NA,-67,NA,"True"
"218",1,1,1200,1538,10,2,3,9,82,2,2322,1836,23,1,16,9,50,1,1171,1130,4,1,16,11,62,1,696,1169,0,2,4,10,60,1,1419,1358,7,1,0,11,98,2,1312,1457,11,0,2,7,93,1,432,626,3,0,2,7,75,1,1248,703,5,0,11,7,17,1,1718,978,12,0,5,3,19,1,952,1444,15,1,0,7,24,1,5,4,255,-65,230,"False"
"219",35,0,2185,1605,15,1,7,4,85,0,934,912,2,1,8,8,23,0,1522,1140,15,0,10,10,63,0,931,1054,13,0,2,4,83,0,426,630,0,0,5,6,87,0,1811,1147,13,0,1,5,50,0,603,499,1,0,3,9,36,0,1641,1104,15,0,5,10,73,0,1164,1538,11,0,2,8,4,0,639,848,10,0,2,7,80,0,1,9,NA,-72,NA,"False"
"220",44,0,1729,1452,11,1,7,6,74,0,1142,874,9,0,8,4,48,0,853,1031,13,0,8,9,11,0,1925,1492,17,1,7,6,112,0,1034,750,7,0,6,9,25,0,1925,1256,12,0,6,4,28,0,1206,1288,10,1,2,7,20,0,1023,672,1,0,5,12,35,0,876,905,7,0,2,10,8,0,1012,1063,11,0,5,7,202,1,6,4,159,-81,216,"False"
"221",48,0,1190,1474,19,1,14,8,104,0,1146,868,10,0,1,5,29,0,1045,980,1,1,2,8,9,0,775,928,2,0,6,9,46,0,2062,1685,20,1,2,10,8,0,1820,1763,17,2,2,10,86,0,914,1365,1,2,3,15,22,0,738,867,1,1,1,6,59,0,1424,1123,12,0,1,6,17,0,1717,1317,19,0,2,7,-1,0,4,9,118,-85,NA,"False"
"222",104,2,1888,2578,30,2,4,8,11,2,2100,1220,17,0,0,2,21,2,1037,1209,14,0,5,8,50,1,1030,748,6,0,9,9,75,1,1129,812,2,0,8,7,44,1,651,773,7,0,10,6,94,2,1873,1130,15,0,5,11,97,1,1022,584,2,0,6,4,72,1,1076,767,7,0,8,6,106,1,755,702,5,0,3,7,148,0,0,5,-69,-64,NA,"True"
"223",70,1,1125,1227,18,0,9,8,11,2,2056,1931,23,1,7,6,15,2,1270,1244,18,0,11,10,30,1,793,648,4,0,7,9,9,1,752,580,2,0,3,9,21,2,1645,1201,17,0,4,7,34,2,1506,864,9,0,10,8,4,1,562,818,11,0,6,8,5,1,803,799,1,0,7,7,100,1,1434,1491,13,1,12,9,98,1,9,2,124,-45,NA,"True"
"224",106,0,1684,1248,16,0,15,7,31,0,1454,1097,3,1,14,12,55,0,1823,1182,16,0,10,9,68,0,1105,903,2,1,7,8,42,0,1231,1719,21,1,11,10,74,0,2062,1772,20,1,6,7,33,0,1297,1250,24,0,3,9,57,0,991,500,0,0,2,8,28,0,1119,796,7,0,8,7,93,0,1054,767,6,0,2,6,104,0,4,8,135,-86,188,"False"
"225",11,0,1878,1901,17,2,12,13,27,0,850,1147,0,1,18,12,7,0,893,840,7,0,15,10,60,0,741,841,8,0,13,8,39,0,1577,1324,19,0,9,8,32,0,704,881,1,0,16,6,100,0,1696,1672,11,2,14,11,25,0,1533,1881,21,1,13,9,71,0,495,1078,1,2,15,10,106,0,1244,1160,7,0,5,9,81,1,8,4,161,-87,NA,"True"
"226",25,2,1589,994,8,0,0,8,44,2,1496,1427,10,1,1,8,15,2,1117,1245,9,1,1,4,1,2,1167,1117,2,1,3,4,41,2,1170,1227,11,1,1,7,62,1,820,915,2,1,3,8,95,1,837,903,9,0,0,11,14,2,1553,1364,5,2,0,4,93,1,1698,1548,6,2,0,11,73,1,857,640,3,0,0,3,19,0,2,7,192,-23,NA,"False"
"227",74,0,2231,1667,25,0,4,5,90,0,918,536,1,0,4,6,72,0,1093,1188,16,0,9,8,20,0,555,499,0,0,11,7,42,0,1113,866,9,0,20,6,93,0,1315,1115,14,0,2,8,21,0,1685,1071,13,0,7,5,9,0,751,898,0,1,4,12,96,0,1396,1381,16,0,6,10,112,0,780,499,0,0,3,8,22,1,7,4,NA,-84,253,"False"
"228",72,0,1904,1474,15,0,8,10,55,0,863,821,8,0,9,9,112,0,486,632,1,0,6,9,60,0,691,985,8,1,11,6,73,0,1598,1924,19,0,2,9,110,0,1126,741,5,0,11,7,8,0,1268,1456,15,1,6,9,30,0,754,681,4,0,6,7,7,0,544,555,2,0,5,8,11,0,1956,1669,25,0,6,8,4,1,6,1,79,-86,187,"True"
"229",55,1,807,897,10,0,11,11,36,1,897,600,1,0,5,8,12,1,1265,1692,28,0,5,6,46,2,2043,1298,15,0,9,10,60,1,1484,1493,24,0,3,9,65,0,1745,1028,13,0,1,8,91,1,984,898,6,0,5,10,19,1,1401,1285,10,1,0,2,104,1,1200,1252,23,0,2,3,21,2,1038,899,7,0,2,11,124,1,7,3,NA,-66,NA,"False"
"230",106,2,1799,1829,24,0,8,13,14,1,1255,1263,1,1,10,11,39,1,681,1171,2,2,10,7,35,2,1622,1135,8,1,7,8,21,1,1433,1510,19,0,10,6,11,1,1934,1540,24,0,11,7,104,1,1047,952,15,0,9,4,93,2,1359,1252,16,0,14,15,87,1,678,598,3,0,13,7,74,1,1548,1000,12,0,11,7,10,0,2,7,110,-59,284,"True"
"231",15,0,884,1065,14,0,12,9,85,0,1003,745,5,0,10,7,4,0,403,959,3,1,12,8,36,0,1505,996,12,0,6,10,68,0,1302,1083,8,0,10,13,39,0,1829,1804,11,3,7,14,106,0,969,1551,16,1,6,5,84,0,648,593,2,0,13,8,16,0,267,614,1,0,3,8,46,0,2263,1758,17,1,10,6,78,1,6,0,NA,-84,NA,"True"
"232",111,1,751,708,4,0,3,8,97,1,1048,1099,6,1,6,9,2,1,864,1124,11,1,7,8,28,1,1475,1251,16,0,6,6,93,0,1811,905,10,0,4,6,51,0,829,622,3,0,3,8,69,0,904,945,9,0,5,7,32,1,1066,1008,10,0,0,9,75,0,1430,1323,12,0,2,6,43,0,2443,2220,16,3,5,9,85,1,9,4,231,-77,NA,"False"
"233",54,1,1374,1354,13,1,8,7,26,1,530,736,2,0,11,11,39,2,1828,1397,11,1,6,7,69,1,1351,1887,17,2,8,7,85,1,1626,1994,5,3,14,10,18,1,785,1221,19,0,11,8,35,1,580,639,2,0,16,12,76,3,1759,1157,13,0,10,7,2,1,1074,878,2,0,17,10,109,1,919,1329,9,2,12,7,133,0,4,6,-69,-72,299,"False"
"234",55,1,1694,1126,15,0,6,7,27,0,517,500,0,0,9,9,101,1,303,546,2,0,3,7,40,2,2413,2101,24,1,7,13,19,2,1532,1399,19,0,9,6,46,1,1206,995,12,0,4,6,64,1,871,583,2,0,8,8,104,1,1357,1244,29,0,7,3,23,2,2079,1201,18,0,7,9,50,1,907,860,9,0,6,5,223,0,3,8,130,-71,265,"False"
"235",100,1,1934,1105,15,0,6,7,104,1,1569,1464,34,0,6,5,58,1,1192,1132,20,0,4,2,72,2,2086,1500,21,0,5,12,78,1,771,558,0,0,4,6,69,2,1180,1244,16,0,5,6,9,1,1986,992,12,0,1,10,21,1,2162,1471,23,0,4,6,91,1,931,1040,0,1,5,8,59,1,1270,1202,17,0,8,6,287,1,8,4,179,29,NA,"True"
"236",48,1,818,789,4,0,0,6,35,1,1754,959,11,0,0,13,37,1,952,902,10,0,0,8,45,1,1451,1414,4,2,2,15,1,1,1259,1162,13,0,0,6,30,1,661,691,0,1,0,6,42,1,1025,1231,14,0,7,9,5,1,800,827,0,1,0,13,61,1,1071,729,4,0,0,7,72,1,2196,1717,20,1,0,16,52,0,3,5,NA,-78,NA,"True"
"237",27,0,627,499,0,0,4,6,75,0,673,499,0,0,9,10,102,0,691,695,5,0,3,10,93,0,1568,1773,27,0,2,9,73,0,1902,2119,24,0,7,6,50,0,941,641,3,0,6,8,1,0,1033,1848,21,2,5,8,112,0,778,803,4,0,8,9,28,0,1227,919,10,0,9,7,21,0,1898,1479,23,0,8,6,-16,1,6,1,118,-85,188,"True"
"238",48,1,1388,1425,21,0,6,10,85,1,900,752,7,0,6,11,99,1,1470,895,9,0,5,10,94,1,1106,1112,14,0,5,15,22,2,1831,1403,21,0,6,10,93,2,1279,1382,18,0,0,14,44,1,1210,922,10,0,3,3,73,2,2104,3328,18,1,4,10,84,1,612,706,7,0,4,6,42,0,707,793,2,1,4,10,106,1,7,4,237,-81,192,"False"
"239",11,1,1568,1166,16,0,5,6,20,1,727,740,2,1,2,8,44,1,1055,1163,13,0,8,4,110,0,738,593,1,0,2,5,100,1,1138,756,5,0,4,7,14,1,2228,1281,12,1,1,8,93,0,878,1168,12,0,1,10,112,0,816,897,1,1,3,11,43,0,2077,1500,20,0,0,5,53,1,1030,1095,18,0,0,6,56,1,7,2,178,-42,181,"False"
"240",14,0,1525,1116,11,0,2,7,1,0,1196,1443,19,0,3,8,7,0,888,1012,3,1,5,8,112,0,807,725,1,1,1,8,8,0,1909,2120,25,1,3,8,5,0,683,540,1,0,0,8,11,0,2047,1918,18,2,0,6,16,0,537,675,11,0,0,6,12,0,1183,906,10,0,14,5,53,0,1100,840,8,0,11,7,139,0,4,9,187,-76,NA,"True"
"241",93,2,1034,851,5,0,3,6,89,2,863,722,0,0,2,11,14,3,1748,1669,11,1,10,8,112,1,871,760,2,1,10,9,42,2,1548,1280,13,1,11,8,23,1,698,1359,21,0,8,7,30,1,718,747,3,0,11,7,106,2,2156,2238,23,2,6,10,35,1,1149,878,9,0,7,10,79,1,780,748,1,1,9,7,149,0,2,7,110,-73,181,"True"
"242",104,1,1229,1152,24,0,3,3,110,1,1266,891,7,0,6,9,98,1,1830,948,11,0,5,5,26,1,801,618,3,0,8,9,8,1,1189,1414,22,0,5,6,70,2,1398,1394,21,0,0,9,75,1,1273,1375,12,1,4,7,86,1,1207,798,4,0,0,8,2,2,2165,1914,26,1,0,8,106,1,1935,1549,25,0,6,6,207,1,6,2,NA,-70,NA,"False"
"243",56,0,1904,1145,16,0,3,10,41,0,778,995,17,0,6,9,3,0,805,537,1,0,5,11,17,1,2184,1554,24,0,9,10,8,0,1297,1529,23,0,8,6,6,1,949,934,11,0,0,5,9,1,596,590,2,0,1,8,102,0,1205,723,7,0,1,9,1,0,1153,1283,19,0,10,4,21,1,1965,1627,16,1,5,6,253,1,9,1,182,60,211,"True"
"244",35,1,1313,1050,13,0,8,5,9,1,696,1193,3,1,7,6,74,2,1794,1245,9,1,5,9,51,2,1190,860,9,0,9,8,79,1,740,585,2,0,7,12,104,1,1088,892,5,0,3,8,107,1,1042,1238,5,2,2,8,73,2,1992,2513,22,0,2,5,45,1,796,609,3,0,3,4,72,1,1116,1242,17,0,6,10,26,1,6,0,NA,-71,195,"False"
"245",72,2,941,786,7,0,10,8,46,2,877,1328,8,1,7,5,109,2,815,789,7,0,11,5,39,3,2254,2139,21,2,7,8,20,2,1611,950,3,1,10,8,11,1,1125,748,6,0,5,6,63,2,1629,1861,13,2,4,12,42,1,1187,972,0,1,9,9,64,2,901,741,1,0,2,6,98,1,673,919,4,1,9,10,36,0,3,5,39,-80,217,"False"
"246",44,1,1779,1179,16,0,7,7,4,1,916,971,15,0,8,8,100,1,1053,831,8,0,7,6,22,2,1787,1246,14,0,7,9,2,1,785,704,5,0,10,5,36,1,1753,1201,16,0,6,7,106,0,1737,1715,29,0,2,6,85,1,609,612,3,0,7,9,10,1,1113,1187,16,0,3,11,35,1,1150,904,8,0,8,6,NA,NA,NA,NA,147,-54,NA,"False"
"247",55,0,1422,1287,16,0,1,8,60,0,1102,1051,8,1,0,6,72,0,1273,1186,17,0,4,10,112,0,458,500,0,0,2,9,73,0,1948,2325,20,0,4,8,50,0,986,696,5,0,8,10,39,0,1544,1085,13,0,3,5,88,0,1650,1456,18,0,4,10,85,0,713,1001,1,1,6,9,106,0,1039,987,12,0,1,8,118,1,8,2,NA,-87,181,"True"
"248",86,0,465,890,2,0,8,8,42,0,1607,1481,16,1,11,11,39,0,1892,1440,16,1,6,11,92,0,557,800,0,1,7,10,28,0,1123,1115,15,0,7,9,87,0,888,939,1,1,6,13,51,0,1601,1250,17,0,4,6,11,0,1614,1563,18,1,6,9,100,0,821,762,1,0,4,9,8,0,1560,1596,22,1,6,8,15,0,3,8,154,-84,NA,"False"
"249",4,0,1694,1172,14,0,17,9,67,0,947,719,3,0,14,7,84,0,1573,1113,5,1,0,7,96,0,660,792,7,0,16,6,49,0,1239,861,9,0,0,7,68,0,1067,1176,3,2,8,14,104,0,1275,1362,10,1,8,8,93,0,852,1044,8,1,3,8,28,0,1476,974,8,0,5,4,22,0,1961,1108,8,0,4,3,22,1,6,0,NA,-72,NA,"False"
"250",102,1,887,554,0,0,7,8,35,1,1826,1632,22,0,8,17,63,1,1785,1177,11,1,10,7,21,0,1340,1758,26,0,11,10,30,1,238,794,0,1,14,8,8,1,973,1339,18,0,6,11,85,0,1126,814,7,0,13,9,16,1,226,612,4,0,4,5,100,0,1457,753,6,0,6,8,52,0,1890,1523,11,1,7,8,155,1,9,1,NA,-86,286,"False"
"251",30,1,1005,964,2,0,4,12,83,1,1637,1273,13,1,4,9,81,1,1435,1694,7,3,6,4,71,1,977,1085,5,0,1,11,35,2,1993,1232,8,1,4,7,44,2,1068,1653,25,0,0,9,63,1,1485,1993,5,3,4,9,107,1,1364,788,7,0,7,10,2,1,1182,1264,8,1,4,6,74,2,1795,1165,16,0,0,7,104,1,6,0,NA,-82,NA,"False"
"252",112,0,936,796,0,0,3,11,69,0,1207,1290,12,0,1,8,46,0,2494,2164,30,1,3,9,21,0,1769,1273,18,0,0,6,42,0,1433,1978,13,4,0,15,50,0,701,639,2,0,7,9,14,0,727,953,1,1,9,9,1,1,1270,1455,22,0,4,10,76,0,1181,998,12,0,3,7,11,0,1588,1293,19,0,3,7,10,0,4,8,110,-82,199,"True"
"253",1,0,1427,1795,31,0,4,5,86,0,770,558,0,0,13,7,85,0,1035,826,7,0,7,12,22,0,1858,1759,15,1,8,6,65,0,1129,1317,5,1,5,9,79,1,674,616,1,0,11,6,9,1,311,560,0,0,16,6,52,0,1965,1989,12,3,9,10,72,0,1066,1305,17,1,12,7,28,0,1051,778,6,0,10,8,5,1,7,1,126,-78,208,"True"
"254",86,1,1116,762,5,0,12,8,21,1,1665,1324,14,1,7,12,93,1,1018,1020,6,0,1,8,100,1,816,737,3,0,4,8,75,1,1540,1403,11,1,2,7,74,1,1800,1197,16,0,7,7,12,1,1041,1064,14,0,5,6,26,1,1133,807,7,0,7,7,91,1,1031,915,6,0,5,7,2,1,885,834,1,1,4,7,49,0,4,9,NA,-65,NA,"False"
"255",31,1,528,605,3,0,10,5,1,1,998,1071,14,0,4,5,5,1,894,752,7,0,0,6,52,1,2028,1266,17,0,6,5,39,1,2131,1329,20,0,0,0,17,1,737,682,2,0,12,7,104,1,1101,1260,17,0,5,10,4,1,1397,1461,14,1,7,3,11,1,1852,1019,12,0,3,8,23,1,1744,784,7,0,6,5,172,1,7,0,NA,NA,NA,"True"
"256",50,0,511,558,0,0,9,7,46,0,1941,1362,18,0,3,7,51,0,653,933,11,0,10,7,72,0,1685,1682,28,0,5,9,71,0,725,543,1,0,7,4,11,0,2108,1636,25,0,10,8,68,0,1150,900,3,1,8,11,81,0,1195,2020,25,1,5,12,55,0,1107,745,6,0,5,9,62,0,448,626,1,0,9,7,124,1,7,2,47,NA,249,"True"
"257",94,0,1099,876,9,0,3,4,7,0,972,719,3,0,10,9,47,0,1072,1432,22,0,5,8,44,0,2036,1346,19,0,7,7,57,0,984,600,0,0,4,9,14,0,1090,1003,5,0,0,5,74,0,2267,1745,27,0,0,8,8,0,1555,1857,14,3,9,4,42,0,1124,1392,19,0,0,10,85,0,1145,987,5,1,16,8,10,1,7,3,91,-74,NA,"False"
"258",7,1,1311,1105,0,2,4,9,14,1,976,1052,10,0,6,7,18,2,1858,1530,16,1,5,9,25,1,627,685,0,0,4,6,106,3,2673,2567,23,3,3,12,92,2,881,755,1,1,5,11,71,2,1609,1075,14,0,7,7,107,2,1491,830,8,0,6,6,55,1,700,998,17,0,6,9,81,2,1170,1262,15,0,7,7,75,0,4,7,71,-62,194,"True"
"259",8,0,1893,2491,31,3,2,12,3,0,546,814,0,0,5,11,107,0,620,866,0,1,5,6,28,0,1416,1253,10,1,8,11,39,0,1726,1555,21,0,0,10,68,0,616,588,3,0,6,12,21,0,753,754,6,0,12,9,71,0,516,872,0,1,9,9,74,0,1585,1243,16,0,8,9,93,0,1400,1318,20,0,4,8,-16,0,0,6,139,-88,180,"True"
"260",44,2,1145,1287,16,0,6,6,57,2,1045,830,8,0,14,5,19,1,647,705,5,0,8,2,73,1,1173,1077,11,0,8,5,52,2,2152,1281,18,0,12,10,46,1,654,904,12,0,5,3,58,2,1080,1328,11,1,4,10,93,2,1945,1210,16,0,3,5,28,2,1719,1368,11,1,5,4,22,3,1734,1406,12,1,3,2,79,1,8,3,67,-43,250,"False"
"261",21,2,1868,1442,17,0,6,8,93,1,1776,1573,22,0,10,9,86,1,826,1748,0,3,10,11,7,1,786,1056,0,0,9,11,28,1,1023,812,7,0,10,7,107,1,1593,1190,17,0,8,8,5,1,544,980,0,1,8,10,11,2,1923,1705,23,1,6,7,42,2,1713,1871,30,0,8,10,71,1,1364,1720,3,2,7,8,126,0,2,5,147,-66,189,"False"
"262",100,0,1112,1350,6,1,3,8,46,0,2166,1692,19,0,6,7,2,0,790,859,12,0,9,6,72,0,1018,1163,16,0,5,10,7,0,507,588,2,0,6,10,60,0,835,1156,3,0,3,8,59,0,1907,1797,25,1,3,8,11,0,2167,1619,24,0,2,10,50,0,680,652,5,0,4,9,71,0,1305,1671,11,3,5,8,-20,1,6,3,30,NA,194,"False"
"263",112,0,415,500,0,0,7,12,7,0,1434,1102,15,0,3,14,69,0,1637,1362,20,0,6,10,62,0,470,608,4,0,9,8,46,0,1503,1508,22,0,8,10,28,0,1403,896,10,0,6,8,21,0,2029,2144,30,1,4,11,73,0,1323,2335,19,0,4,8,100,0,560,717,2,0,5,8,31,0,1035,643,1,0,6,11,216,1,6,3,126,-85,280,"False"
"264",93,2,1259,1565,18,1,5,10,74,1,592,830,1,1,3,7,57,1,1035,853,3,0,6,8,60,2,1483,1915,13,2,7,6,52,1,1372,1061,6,1,8,9,43,1,1264,1636,10,3,4,10,9,1,1138,1000,3,0,6,10,59,1,1224,1154,12,0,10,7,7,1,1115,1205,11,1,12,5,11,1,1679,1797,16,1,15,11,5,0,1,7,112,-84,NA,"True"
"265",55,0,1139,1091,9,1,6,8,39,0,792,1067,14,0,5,13,46,0,2124,1626,23,0,4,9,85,0,1088,1161,12,0,9,8,30,0,765,935,2,1,5,10,21,0,1307,1700,16,1,6,11,7,0,517,649,2,0,11,3,72,0,1696,1090,14,0,10,9,74,0,1734,1115,12,0,6,7,112,0,1275,1385,2,2,9,14,133,1,5,4,134,-86,NA,"True"
"266",74,2,1352,1095,10,0,11,8,19,2,821,539,1,0,6,7,48,1,1218,905,10,0,3,4,46,1,968,926,1,1,5,5,54,2,1545,1383,27,0,3,4,112,1,296,500,0,0,2,10,11,1,1520,909,10,0,0,2,59,1,1252,1033,13,0,4,10,50,1,879,951,1,1,1,8,21,2,1965,948,11,0,0,8,86,1,8,1,287,80,NA,"False"
"267",36,2,1311,1190,13,0,3,8,66,2,1281,1505,12,1,5,9,85,2,1009,1139,2,2,3,10,22,3,2025,1123,15,0,2,7,56,3,1987,1588,12,1,3,16,105,1,616,898,2,2,3,15,14,3,2048,1478,24,0,5,10,52,2,1325,1095,13,0,3,4,87,1,175,500,0,0,6,8,25,3,1363,1290,17,0,10,6,165,0,4,9,NA,-43,181,"True"
"268",75,0,1007,1346,1,2,3,11,60,0,1409,1111,8,1,1,7,21,0,1790,1595,17,1,4,8,71,0,989,1160,2,1,5,13,42,0,1590,1378,21,0,2,12,11,0,1750,1423,18,0,5,8,19,0,1304,1509,23,0,4,13,28,0,1880,1319,13,1,4,7,3,0,1064,1342,1,2,4,10,50,0,644,676,3,0,6,10,85,1,8,3,152,-86,195,"True"
"269",86,1,574,600,1,0,2,9,11,0,2059,1612,26,0,0,5,25,0,1876,1439,15,1,8,8,26,0,509,809,0,1,7,9,81,1,995,1034,10,0,6,6,44,1,1750,910,9,0,8,3,106,1,1434,1323,15,0,2,7,48,0,890,1011,14,0,4,12,51,0,653,954,10,0,11,8,21,1,942,628,3,0,0,9,101,0,3,8,123,-85,183,"True"
"270",32,0,913,991,10,0,3,9,8,0,1749,959,11,0,0,7,21,0,1689,1365,14,1,3,7,71,0,981,1174,11,0,6,6,80,0,1061,952,11,0,4,5,28,0,1340,1421,19,0,1,10,106,0,1369,1576,15,2,4,12,11,0,1825,1217,9,1,4,8,75,0,1517,891,4,0,0,8,13,0,1032,1402,10,1,0,7,15,1,9,1,182,-70,NA,"True"
"271",2,1,1142,794,7,0,0,6,25,1,2329,2169,25,1,9,8,53,0,888,981,13,0,13,12,88,1,1794,702,5,0,14,6,8,1,994,1246,17,0,2,9,44,1,1041,1125,15,0,4,5,5,1,1010,500,0,0,7,8,14,1,1217,1369,21,0,5,7,65,1,863,751,6,0,6,5,60,1,1589,964,10,0,4,9,222,0,1,9,138,91,195,"False"
"272",21,0,2135,1386,19,0,1,6,93,0,1346,981,13,0,2,7,28,0,697,617,2,0,5,9,99,1,1222,1751,20,1,2,12,101,0,1220,915,5,0,3,9,97,1,723,537,1,0,6,7,44,0,1048,998,12,0,6,7,106,0,1007,1113,15,0,8,6,85,0,925,878,9,0,6,7,34,0,1914,1107,11,0,6,5,279,0,3,6,146,-68,NA,"True"
"273",74,0,1666,836,8,0,3,6,30,0,1051,600,3,0,1,9,34,0,1194,1723,14,2,2,7,93,0,1513,1704,27,0,2,7,112,0,800,675,0,0,4,9,15,0,2233,1466,17,0,7,8,96,0,1330,951,2,1,9,8,12,0,872,652,4,0,5,9,68,0,954,635,4,0,2,10,104,0,1431,1326,26,0,2,6,97,0,2,7,101,-86,222,"True"
"274",106,2,2003,1497,21,0,4,6,71,1,1115,1104,6,1,9,9,69,1,1083,1093,11,0,5,8,46,1,861,1126,14,0,2,6,14,1,402,786,2,1,2,12,100,1,1070,1044,3,1,1,12,112,1,1230,694,4,0,1,8,10,1,1137,1131,14,0,0,8,102,1,1175,875,11,0,1,4,42,2,1990,1419,20,0,4,10,11,0,1,9,-37,158,NA,"False"
"275",26,1,488,577,3,0,13,10,22,0,862,579,2,0,13,8,44,1,1376,1166,16,0,11,6,97,1,924,1297,19,0,9,7,74,1,1775,1158,16,0,2,7,32,1,1441,1237,9,1,7,8,67,1,2012,1695,15,1,3,7,62,1,698,599,4,0,0,5,28,1,1281,1458,11,1,5,4,14,2,1767,1829,9,2,2,9,-24,1,9,4,NA,-58,NA,"False"
"276",28,0,1079,1253,16,0,16,11,11,0,1997,1512,24,0,8,12,71,0,739,544,4,0,11,8,14,0,1163,1118,2,1,12,11,59,0,1909,1476,21,0,13,8,39,0,1332,1245,12,0,8,7,93,0,1460,1836,21,1,8,11,100,0,1285,1261,2,2,10,9,101,0,1388,908,9,0,11,8,25,0,528,543,1,0,10,11,201,0,3,9,166,-80,NA,"True"
"277",97,1,1115,792,7,0,13,8,19,1,1473,1445,23,0,9,10,23,1,931,1448,4,1,11,10,46,3,2193,1610,23,0,7,8,7,1,801,772,5,0,2,11,104,1,2027,1270,18,0,12,7,75,1,978,1493,12,2,12,15,89,1,854,1049,6,0,15,7,71,2,859,1204,6,1,14,6,22,2,2004,1332,19,0,10,7,93,1,8,4,49,-40,NA,"True"
"278",68,0,773,582,2,0,6,8,39,0,2347,1728,12,2,8,8,104,0,839,700,6,0,2,6,41,0,1229,1199,14,0,8,9,1,0,1150,1116,15,0,3,5,21,0,1352,884,9,0,5,10,100,0,1021,1156,16,0,3,7,94,0,1182,1703,21,1,2,11,91,0,962,755,4,0,10,3,36,0,840,669,2,0,4,8,1,1,7,1,141,-78,244,"False"
"279",32,1,899,701,5,0,2,5,59,1,860,1069,6,1,6,10,70,1,1054,909,9,0,10,5,11,2,1963,1418,17,0,6,4,95,1,1334,981,4,1,7,10,7,1,1056,547,1,0,7,5,35,1,1035,821,8,0,5,2,47,1,1018,1277,6,1,4,7,44,1,1284,1006,5,1,5,6,21,2,1492,1287,7,1,0,7,109,1,9,3,109,132,NA,"False"
"280",25,1,2076,1353,18,0,2,4,49,1,1183,1285,9,1,4,6,62,1,1009,675,3,0,3,4,21,1,863,1043,3,0,0,6,8,1,1165,1461,23,0,3,8,91,0,877,583,2,0,5,5,61,1,908,620,3,0,5,9,98,1,1265,1073,11,0,7,8,35,1,2069,1053,13,0,9,7,74,1,1218,1227,17,0,6,6,NA,NA,NA,NA,227,142,NA,"True"
"281",9,0,742,635,3,0,4,9,47,0,1063,1039,13,0,6,8,106,0,2148,1589,22,0,2,8,44,0,866,1037,12,0,4,10,7,0,905,935,8,0,3,9,74,0,1803,915,9,0,10,8,72,0,1115,1165,7,1,9,9,10,0,1095,974,7,0,8,6,64,0,1301,1085,6,0,0,7,98,0,1116,1209,8,1,0,7,229,1,9,4,126,-72,NA,"True"
"282",9,1,917,540,1,0,4,8,25,0,917,1226,18,0,11,8,98,0,1913,1336,20,0,2,8,2,1,814,964,18,0,4,6,11,1,1751,1402,19,0,8,7,105,1,110,823,0,1,3,10,73,2,1790,2084,15,0,1,5,17,1,1950,1428,23,0,10,7,107,0,1611,1211,8,1,9,7,85,1,391,666,0,0,10,7,74,1,5,0,147,-34,NA,"True"
"283",106,0,2353,2139,21,1,11,15,7,0,552,871,0,0,13,9,8,0,644,981,8,2,17,9,30,0,887,557,0,0,21,8,69,0,2085,2183,28,1,13,14,74,0,1742,1484,14,1,11,9,67,0,2109,1758,23,0,14,8,91,0,1299,921,0,0,17,10,70,0,1635,2080,7,4,20,11,21,0,1556,1593,11,1,12,9,-31,0,0,8,82,-82,241,"True"
"284",8,0,1308,1388,17,0,8,6,28,0,1092,1486,6,2,12,11,16,0,1257,1544,14,1,10,8,25,0,673,564,0,0,8,10,21,0,1962,1529,22,0,9,8,49,0,2302,1714,19,1,0,5,71,0,1285,1928,8,3,3,8,30,0,809,643,2,0,12,10,50,0,980,611,2,0,4,9,12,0,1370,1606,18,0,3,13,115,0,1,7,129,-82,NA,"False"
"285",5,0,1015,696,0,1,7,7,11,0,1256,1572,16,1,8,7,30,0,883,499,0,0,5,9,73,0,1982,2040,18,0,3,6,104,0,883,1073,14,0,4,9,36,0,923,540,1,0,5,5,44,0,891,976,11,0,7,10,20,0,904,576,1,0,6,9,21,0,2042,1856,21,1,4,7,35,0,935,1213,17,0,5,5,4,1,8,1,61,-81,NA,"True"
"286",21,1,938,849,6,0,6,8,87,1,665,866,1,1,4,10,74,1,1860,1282,17,0,6,8,1,1,1472,1641,25,0,4,6,20,1,1729,1760,8,2,12,9,6,1,1510,1044,7,0,2,5,46,2,2200,1713,26,0,9,10,26,1,839,1155,2,2,13,8,14,0,626,676,3,0,0,7,104,1,1382,1078,14,0,9,5,136,1,7,0,NA,-42,NA,"True"
"287",105,0,557,871,2,2,5,11,77,0,1183,1269,25,0,8,7,7,0,757,661,3,0,6,12,8,0,1341,1292,17,0,8,10,11,0,2114,1484,16,0,4,9,14,0,1045,773,1,1,3,7,75,0,485,726,2,0,4,8,48,0,1202,1926,27,1,6,10,39,0,1916,1503,21,0,1,8,49,0,2258,1722,13,1,6,6,79,1,7,2,126,-85,NA,"False"
"288",14,1,808,723,3,0,1,8,11,1,2100,1061,13,0,0,5,41,1,1371,1080,7,0,8,6,1,1,1953,1451,8,2,0,8,104,1,1347,1427,24,0,0,5,109,1,901,1238,18,0,1,11,32,1,1730,1070,11,0,1,4,74,1,1627,1104,12,0,1,5,55,1,342,918,2,1,4,6,95,1,1087,705,5,0,0,6,21,1,8,0,NA,-63,NA,"False"
"289",8,0,1296,1557,26,0,3,10,39,0,1952,1514,21,0,5,7,87,0,316,603,1,0,7,13,50,0,716,691,3,0,4,10,51,0,1699,1591,8,1,7,10,100,0,1185,721,5,0,5,7,47,0,1876,1572,16,1,0,12,69,0,541,1100,7,1,4,7,30,0,641,1054,5,1,4,11,73,0,1798,1510,14,0,1,4,88,0,4,6,109,-87,287,"False"
"290",74,1,2045,1341,18,0,0,7,107,1,553,557,0,0,8,9,100,1,943,977,7,0,15,9,21,0,627,836,8,0,11,10,8,0,1361,1205,12,1,11,10,7,1,797,741,6,0,6,11,47,0,1455,1215,9,1,4,6,44,1,1270,1257,20,0,7,9,30,1,936,727,9,0,0,10,106,0,2473,2247,19,2,3,5,221,1,9,0,NA,-85,NA,"False"
"291",33,2,1345,1492,21,0,3,9,19,1,1298,1621,15,1,11,10,91,1,511,751,1,0,12,6,58,2,2300,1878,16,2,8,7,11,2,2243,1619,25,0,5,7,36,2,1270,701,4,0,13,9,34,2,1740,1222,17,0,5,8,4,2,1518,2538,21,3,7,13,5,1,1095,714,0,0,8,6,73,1,702,828,8,0,8,6,148,0,1,8,-71,-73,181,"True"
"292",42,0,1723,1906,32,0,2,12,87,0,834,1534,1,3,4,9,69,0,911,872,7,0,4,10,11,0,1729,1833,21,1,2,8,7,0,929,967,3,1,6,10,39,0,1551,1434,16,0,2,11,57,0,822,861,2,0,6,9,92,0,618,1160,1,2,11,9,21,0,1062,822,8,0,6,4,1,0,1541,1900,28,1,4,10,5,0,4,8,108,-85,223,"True"
"293",1,2,1104,887,7,0,5,8,86,1,938,1038,5,1,8,8,74,1,1826,1194,17,0,8,4,5,1,896,662,4,0,4,8,2,1,1185,1639,12,1,11,10,10,2,1664,1267,10,0,13,5,36,1,1007,1396,20,0,12,8,100,1,1470,1434,4,1,14,8,6,1,1211,1719,0,4,11,9,50,1,888,737,1,1,4,8,54,1,8,3,NA,-59,NA,"True"
"294",87,0,654,727,3,0,10,11,11,0,2144,1462,20,0,4,9,75,0,1152,1498,10,2,9,10,44,0,1564,1532,20,1,5,9,103,0,1051,1119,15,0,3,9,1,1,1292,1483,17,1,6,5,76,0,1611,1271,11,1,3,8,5,0,698,538,1,0,13,12,100,1,1456,1508,10,1,16,13,70,0,677,925,16,0,6,5,-18,0,2,5,170,-82,183,"True"
"295",2,2,1655,1514,31,0,2,6,21,2,2284,1986,26,2,4,8,63,1,1104,1097,13,0,3,8,28,1,1042,528,0,0,4,9,32,1,1439,873,8,0,7,5,50,0,407,596,3,0,11,8,9,2,1869,1229,17,0,8,8,20,1,191,550,0,0,12,11,1,2,1909,1556,23,0,4,10,25,2,2050,1678,20,1,7,7,4,1,9,2,79,-40,285,"True"
"296",102,0,783,907,1,1,3,10,1,1,1216,1427,19,0,0,8,5,1,583,909,6,0,6,10,23,0,2335,1822,21,1,1,7,100,0,1068,876,6,0,0,8,69,0,936,1108,10,0,5,8,7,1,784,764,8,0,2,10,74,1,1687,872,8,0,10,9,8,1,1442,1692,24,0,5,9,39,0,818,898,3,1,7,6,132,0,0,5,36,-86,235,"True"
"297",21,0,2093,1705,25,0,3,8,75,0,677,559,2,0,6,9,28,0,1008,1333,21,0,2,10,106,0,863,871,10,0,7,6,107,0,954,638,2,0,2,6,62,0,210,623,4,0,11,9,86,0,1079,584,2,0,11,5,49,0,1935,1427,20,0,6,7,47,0,850,1397,21,0,8,8,89,0,1814,1169,16,0,0,10,NA,NA,NA,NA,NA,-85,205,"False"
"298",1,0,1549,1777,26,0,5,5,25,0,509,831,2,0,8,7,100,0,1547,983,11,0,11,10,75,0,542,642,1,0,10,9,39,0,2076,1838,15,2,8,13,96,0,1140,1167,8,1,6,10,87,0,457,622,2,0,4,9,72,0,1534,1742,25,0,9,10,112,0,607,875,0,2,4,9,11,0,1773,1109,12,0,5,11,4,0,4,9,211,-84,221,"False"
"299",53,0,1548,1955,14,3,11,9,100,0,1708,1077,14,0,10,12,110,0,714,537,1,0,5,8,21,0,1918,1475,20,0,7,7,6,0,993,1115,15,0,11,10,1,0,1955,1762,30,0,4,7,25,0,641,572,3,0,9,6,71,0,939,1470,11,1,9,9,102,0,1198,860,2,1,10,8,75,0,1572,855,6,0,11,5,129,1,7,3,169,-63,NA,"True"
"300",81,0,1608,1214,16,0,8,11,2,0,1163,1326,6,0,18,9,75,0,1871,2272,11,3,11,11,26,0,852,606,3,0,4,6,69,0,1624,1831,26,0,7,4,106,0,2331,2205,22,2,2,14,100,0,619,1023,2,1,6,10,38,0,2465,1682,11,2,2,7,86,0,1346,1080,3,1,7,11,18,0,662,1566,3,4,6,11,-11,1,9,0,NA,-85,NA,"False"
